strain	county	state
1000-X70047	Pierce	WA
10028-F21970	King	WA
10029-F21926	King	WA
10031-F21931	King	WA
10036-F21965	King	WA
10039-F21925	King	WA
10040-F21927	King	WA
10042-F22003	King	WA
1005-X69709	King	WA
10088-F21994	King	WA
10089-F22005	King	WA
10090-F21907	King	WA
10091-F22002	King	WA
10093-F21936	King	WA
10094-F22013	King	WA
10102-F22012	King	WA
10106-F21905	King	WA
10107-F21935	King	WA
10108-F21932	King	WA
1011-X69274	King	WA
10110-F21960	King	WA
10114-F21989	King	WA
10117-F22023	King	WA
10118-F22011	King	WA
10127-F21910	King	WA
10128-F21950	King	WA
10129-F21995	King	WA
1013-X70162	Pierce	WA
10130-F21982	King	WA
10131-F21991	King	WA
10136-S81294	King	WA
10138-F22026	King	WA
10158-T20271	Pierce	WA
10159-T21284	King	WA
10161-T29399	King	WA
10163-M10823	Pierce	WA
10174-M92775	Chelan	WA
1018-M58579	King	WA
10185-M94804	King	WA
10187-M89458	King	WA
10189-T19943	Yakima	WA
10190-X49561	Pierce	WA
10191-M86762	King	WA
10197-M93397	King	WA
10199-M83693	King	WA
1020-M62499	King	WA
10206-X49555	Pierce	WA
1021-M62392	King	WA
10212-X49570	Pierce	WA
10213-X49594	Pierce	WA
10216-X49563	Pierce	WA
10217-S85431	Pierce	WA
10230-S85415	Pierce	WA
10231-S85411	Pierce	WA
1024-X70064	King	WA
10247-M10889	Pierce	WA
1025-F78935	King	WA
10250-M10916	Pierce	WA
10272-W84658	Pierce	WA
10277-T31182	Pierce	WA
10283-W81216	King	WA
10284-W81292	King	WA
10286-W81289	King	WA
10298-W81188	King	WA
10305-W87583	King	WA
10306-W81308	King	WA
1031-M62823	Olmsted	MN
10317-W93105	Pierce	WA
10339-X53611	King	WA
10365-W94273	Pierce	WA
1037-M61305	King	WA
10380-F29401	Yakima	WA
10381-F29437	Yakima	WA
10383-H28416	Pierce	WA
1039-M62096	Fairfield	CT
10392-F37095	King	WA
10394-F37094	King	WA
10396-F35735	King	WA
10402-F28198	King	WA
10403-F28261	King	WA
10404-F28221	King	WA
10408-F28276	King	WA
1041-M61875	Fairfield	CT
10411-F37363	NA	NA
10420-S87690	Pierce	WA
10424-S89454	Deschutes	OR
10435-S89137	King	WA
10438-S88173	King	WA
10439-F40369	Pierce	WA
10442-F40270	Pierce	WA
10444-F31144	King	WA
10447-F40492	Pierce	WA
10449-X53648	King	WA
10453-S93102	Pierce	WA
10455-S93147	Pierce	WA
10459-X54080	Spokane	WA
1046-M63014	King	WA
10464-S93132	Pierce	WA
10465-X55555	Pierce	WA
10471-X55580	Pierce	WA
10472-X55587	Pierce	WA
10473-X55519	Pierce	WA
10479-M19418	King	WA
1048-M61908	King	WA
10485-M22314	King	WA
10496-M22729	Chelan	WA
1050-M62712	King	WA
10501-M19137	Spokane	WA
10508-T33579	Pierce	WA
1051-M61033	King	WA
10510-F21958	King	WA
10511-F21952	King	WA
10512-F21951	King	WA
10521-F21954	King	WA
10523-F25788	King	WA
1053-M62959	King	WA
10530-F21966	King	WA
10531-T33301	Yakima	WA
10533-T42938	King	WA
1055-M59498	King	WA
10552-H31970	Pierce	WA
10582-H41694	King	WA
10588-H45376	Pierce	WA
10599-S13062	King	WA
10612-F55992	Jefferson	WA
10613-F50434	Grant	WA
10621-T46508	King	WA
1064-M63188	Olmsted	MN
10648-T45709	Snohomish	WA
10652-T34905	Okanogan	WA
10653-T45718	Snohomish	WA
10654-T44590	Pierce	WA
10655-T44574	Pierce	WA
10658-T42988	King	WA
1066-M63519	King	WA
10663-T45923	Snohomish	WA
10669-T45728	Thurston	WA
10681-T46782	Spokane	WA
10685-T45852	Snohomish	WA
10687-W11689	King	WA
10688-T46444	Pierce	WA
1069-M64201	King	WA
10691-T43009	King	WA
10696-W15403	King	WA
10697-T41332	King	WA
10698-W15213	King	WA
1070-M64194	King	WA
10700-T42235	King	WA
10766-H35888	King	WA
10769-H45360	Pierce	WA
1077-M57631	Pierce	WA
1079-M62454	King	WA
10795-F51169	Chelan	WA
10818-F49103	King	WA
1082-M65636	Snohomish	WA
10826-F56961	Pierce	WA
10831-F56956	Pierce	WA
10834-F56939	Pierce	WA
10853-S18921	NA	NA
1086-T65413	Snohomish	WA
10868-S19506	NA	NA
1088-X70366	Pierce	WA
10902-S18748	NA	NA
1091-M61596	Olmsted	MN
1092-H63069	Olmsted	MN
10932-M40670	Pierce	WA
1094-M61507	Fairfield	CT
10948-S19344	Pierce	WA
10952-S19365	Pierce	WA
10953-S19208	Pierce	WA
10960-X60825	Spokane	WA
10983-M37513	King	WA
1099-M62174	Fairfield	CT
11002-M37459	King	WA
1101-M62084	Olmsted	MN
1102-M61761	Fairfield	CT
1103-M61749	Fairfield	CT
11036-T62608	King	WA
11038-T64073	Pierce	WA
1104-M61773	Fairfield	CT
11040-T63993	Pierce	WA
11043-T63995	Pierce	WA
1105-M61838	Fairfield	CT
11059-W35923	Chelan	WA
11072-W40935	Pierce	WA
11074-T63752	Spokane	WA
11076-W36752	Spokane	WA
11078-W26566	King	WA
1108-M60117	Unknown	Unknown
11089-H49519	King	WA
1109-M58280	King	WA
11090-W42326	Pierce	WA
11098-W42259	Pierce	WA
1111-M62995	King	WA
11115-H60949	King	WA
1113-M61313	Olmsted	MN
11142-S23257	King	WA
11144-S25764	Deschutes	OR
1116-M65437	Cook	IL
11165-F67917	Chelan	WA
11168-F67961	Chelan	WA
1117-M65402	Cook	IL
11187-H62882	Pierce	WA
11193-W42088	Spokane	WA
11196-F63166	King	WA
11208-M39463	Unknown	Unknown
11259-F71826	Snohomish	WA
11263-F71901	King	WA
1127-T66142	King	WA
11270-S27150	King	WA
11277-S30575	Spokane	WA
11278-S30407	Spokane	WA
11279-X64528	King	WA
1128-T68224	King	WA
11280-F73873	Pierce	WA
11285-F73856	Pierce	WA
11287-F74013	Spokane	WA
11289-S24270	King	WA
11290-S23633	King	WA
11293-X65585	King	WA
11297-X67600	King	WA
11300-S30889	Spokane	WA
11309-M47600	King	WA
1131-S11724	Pierce	WA
11324-M54862	King	WA
11325-M55219	King	WA
11328-M53892	King	WA
1133-M64405	King	WA
11338-M53841	King	WA
1134-M62610	Olmsted	MN
11341-M49454	Chelan	WA
11345-X68056	Pierce	WA
11347-M49429	King	WA
11349-X68050	Pierce	WA
1135-M62624	Olmsted	MN
11350-M55179	King	WA
1136-M62022	Fairfield	CT
1137-M64463	Cook	IL
1139-M58292	Cook	IL
11391-W45100	Pierce	WA
11394-T72611	King	WA
11399-M49703	King	WA
11401-T70879	King	WA
1141-M64858	Cook	IL
11425-M55266	King	WA
11436-T79797	Pierce	WA
11437-T79799	Pierce	WA
11438-M54564	King	WA
11442-T77823	King	WA
11443-T77638	King	WA
11447-T78100	King	WA
11449-T73570	Spokane	WA
11453-T72200	Spokane	WA
11454-T75526	Spokane	WA
11455-M58715	Spokane	WA
11457-M37754	King	WA
11459-M40726	Pierce	WA
1146-T64252	King	WA
11469-T81316	Pierce	WA
11472-T81303	Pierce	WA
11478-T81286	Pierce	WA
11480-T81522	Pierce	WA
11481-T81290	Pierce	WA
11484-W50287	King	WA
11487-W47587	King	WA
11488-W55619	King	WA
11489-W55214	King	WA
11499-W55520	King	WA
11512-W54494	King	WA
11513-W55304	King	WA
11518-F74057	Pierce	WA
11519-S31312	Pierce	WA
11521-S31310	Pierce	WA
11526-X68074	Pierce	WA
11529-X68105	Pierce	WA
11530-X68126	Pierce	WA
11533-X68169	Pierce	WA
11537-X68112	Pierce	WA
11538-X68113	Pierce	WA
11544-M56692	Snohomish	WA
11556-M53358	Chelan	WA
11561-M56991	Pierce	WA
11562-M57025	Pierce	WA
11564-M53541	Chelan	WA
11566-M53537	Chelan	WA
1157-T69071	King	WA
11571-M57353	King	WA
11572-X68214	Spokane	WA
11576-M58557	Pierce	WA
1158-T68663	King	WA
11580-M58354	Pierce	WA
11589-T78731	King	WA
1159-T68874	King	WA
11592-T73819	King	WA
11602-W42285	Pierce	WA
11608-W26870	King	WA
11611-H53888	King	WA
11616-W42802	Snohomish	WA
1162-M63325	King	WA
11625-H59391	King	WA
1163-M63241	King	WA
11630-H59866	Chelan	WA
11633-W42891	Spokane	WA
11635-F60088	King	WA
11636-H56590	Chelan	WA
11640-H62983	Pierce	WA
11645-F65589	King	WA
11648-H62841	Pierce	WA
11652-F65108	King	WA
11656-H62721	Spokane	WA
11661-S26412	King	WA
11664-S24284	King	WA
11668-F74039	Pierce	WA
11671-X67289	King	WA
11673-S31192	Pierce	WA
1169-T68406	King	WA
11701-T60372	King	WA
11703-T55008	King	WA
11707-M41744	Thurston	WA
11709-M40706	Pierce	WA
1171-T66891	Pierce	WA
11710-M40715	Pierce	WA
1172-M65603	Unknown	Unknown
11722-T59270	King	WA
11728-T63933	Pierce	WA
1174-M64563	Skagit	WA
11742-W34372	Deschutes	OR
11761-W55527	King	WA
11762-W53812	Spokane	WA
11763-W51619	Spokane	WA
11764-W53388	Chelan	WA
11765-W53611	Chelan	WA
1177-X70540	King	WA
11775-W53544	Chelan	WA
1178-M63659	King	WA
11780-W57627	Pierce	WA
1179-M63552	King	WA
11813-W54203	King	WA
1182-M65265	Cook	IL
11823-H76316	King	WA
11829-H75223	King	WA
11832-H75801	Chelan	WA
11836-W59010	Spokane	WA
1186-M60951	King	WA
11869-F88308	Chelan	WA
1189-M64316	Skagit	WA
1190-M64415	Skagit	WA
11903-H79635	Pierce	WA
11906-W59497	Spokane	WA
11909-W59620	Spokane	WA
11915-W59505	Spokane	WA
11918-W59543	Spokane	WA
11919-W58842	Spokane	WA
11929-S28119	Unknown	Unknown
1194-M65730	Pierce	WA
11989-T81490	Pierce	WA
12027-W54547	King	WA
1203-T66314	Skagit	WA
12067-S41375	Pierce	WA
12068-S41572	Pierce	WA
12069-S41480	Pierce	WA
12070-S41573	Pierce	WA
12078-M58500	Pierce	WA
12085-M51713	Kitsap	WA
12088-M48626	Deschutes	OR
1209-M64894	Cook	IL
12097-F73976	Spokane	WA
12098-H79688	Pierce	WA
12112-W60248	Pierce	WA
12117-W60313	Pierce	WA
1212-M61970	Pierce	WA
12127-H79708	Pierce	WA
12134-F87066	King	WA
12140-F87114	King	WA
12141-F86261	King	WA
12149-H80169	Spokane	WA
1215-T69831	King	WA
12158-F89651	Thurston	WA
1216-T69571	no container ID	no container ID
12162-F84964	Chelan	WA
12163-F84966	Chelan	WA
12164-F87890	Chelan	WA
12167-F87060	King	WA
1217-T70785	King	WA
12171-F85633	King	WA
12173-F87188	King	WA
1224-T65893	Skagit	WA
1226-T66707	Pierce	WA
12264-F87137	King	WA
1228-M62113	King	WA
12283-S39215	King	WA
1229-M64688	King	WA
1231-S11950	no container ID	no container ID
1232-M63438	King	WA
12324-F84497	King	WA
12332-S38764	King	WA
12333-S38878	King	WA
12334-S39555	King	WA
12338-S39127	King	WA
12340-S39303	King	WA
12348-S39386	King	WA
1235-T62577	King	WA
12352-S39646	King	WA
12355-S39282	King	WA
12356-S39462	King	WA
12359-S39244	King	WA
12360-S38660	King	WA
12361-S37848	King	WA
12362-S38951	King	WA
12364-S39274	King	WA
12367-S37982	King	WA
12368-S39148	King	WA
1237-M63258	King	WA
12370-S38365	King	WA
12371-S39493	King	WA
12372-S39236	King	WA
12377-S39425	King	WA
12378-S38139	King	WA
1238-X70597	Pierce	WA
12384-S38468	King	WA
12388-F82880	King	WA
12389-F83717	King	WA
12390-F83618	King	WA
12391-F82819	King	WA
12392-S37998	King	WA
12395-F89339	Spokane	WA
12396-F90909	Spokane	WA
12398-S38082	King	WA
1240-T62488	King	WA
12400-F90170	Pierce	WA
12401-S38140	King	WA
1241-S12130	Spokane	WA
1242-T63699	Skagit	WA
12436-S39572	King	WA
12437-S38957	King	WA
1244-M62590	King	WA
12440-S38777	King	WA
12443-S38380	King	WA
12446-S38167	King	WA
1245-M65741	King	WA
1247-M65743	King	WA
12478-X71985	King	WA
12488-M69133	King	WA
1250-M65031	King	WA
12516-X72782	Pierce	WA
12521-F90230	Pierce	WA
12531-F89218	Spokane	WA
12539-S41319	Pierce	WA
12542-S37519	Spokane	WA
12543-X73236	King	WA
12548-F90203	Pierce	WA
1255-T64269	Snohomish	WA
12557-F91173	Pierce	WA
1256-T64988	Snohomish	WA
1257-T64971	Snohomish	WA
12570-F89141	Spokane	WA
12575-F91170	Pierce	WA
12576-F88972	Spokane	WA
12578-S37277	Spokane	WA
1258-T64763	King	WA
12582-S42029	Franklin	WA
12593-F91098	Pierce	WA
12594-S41430	Pierce	WA
12596-S41435	Pierce	WA
12598-S41447	Pierce	WA
12600-S42196	Spokane	WA
12601-X73427	Spokane	WA
12602-X73428	Spokane	WA
12604-S42254	Spokane	WA
12611-X73915	Spokane	WA
12612-X73968	Spokane	WA
12613-X73606	Spokane	WA
12614-X73573	Spokane	WA
12621-S41624	Pierce	WA
12622-S41579	Pierce	WA
12624-X74617	Pierce	WA
12625-M62561	King	WA
12626-S42327	Pierce	WA
12627-X74695	Pierce	WA
12632-M63506	King	WA
12633-M64734	King	WA
12634-X74558	Pierce	WA
12637-X74532	Pierce	WA
12638-S42313	Pierce	WA
1264-M66160	Pierce	WA
12641-X74588	Pierce	WA
12645-M65697	Deschutes	OR
12646-M65482	Deschutes	OR
1265-M65342	Cook	IL
12652-M67750	King	WA
12653-M64761	King	WA
12657-M74810	King	WA
12658-M75027	King	WA
12659-M71570	King	WA
12660-M72519	King	WA
12671-M74102	King	WA
1268-W48597	Snohomish	WA
12685-M72343	King	WA
12686-M71667	King	WA
12689-M70196	King	WA
1269-T68625	King	WA
12693-M72011	King	WA
12703-F92363	Pierce	WA
12705-M76561	Pierce	WA
12706-M76324	Pierce	WA
12709-X74885	Pierce	WA
1271-M65924	Pierce	WA
12714-X74783	Spokane	WA
12716-T87951	King	WA
1272-M66035	Pierce	WA
12728-M71068	King	WA
1273-T71154	King	WA
12732-T85125	King	WA
12733-M72622	King	WA
1274-T68686	King	WA
12747-M76118	Pierce	WA
12758-T92386	Deschutes	OR
12760-M71162	King	WA
12761-T93865	King	WA
12762-T92987	Deschutes	OR
12763-T13445	Pierce	WA
12765-M71091	King	WA
12770-M71739	King	WA
12771-M71998	King	WA
12772-M71392	King	WA
12776-P10974	Unknown	Unknown
12777-P10963	Unknown	Unknown
12782-P10944	Unknown	Unknown
12785-M70726	King	WA
12796-M73032	Chelan	WA
12797-M73031	Chelan	WA
12801-T83440	Yakima	WA
1282-T70234	King	WA
12821-T93630	King	WA
12822-T91338	King	WA
12828-M72135	King	WA
12830-M69902	King	WA
12831-M71477	King	WA
12832-M71930	King	WA
12835-M71432	King	WA
12839-M71674	King	WA
12841-M71678	King	WA
12846-M72631	King	WA
12847-M70344	King	WA
12853-M71699	King	WA
12854-M72189	King	WA
12857-M71042	King	WA
12858-M72345	King	WA
12859-M72361	King	WA
12861-M72210	King	WA
12863-M70862	King	WA
12874-M66540	Okanogan	WA
12875-M64473	Okanogan	WA
12876-M62844	Okanogan	WA
12878-M75017	King	WA
12879-M74904	King	WA
12881-M73092	King	WA
12883-M72663	King	WA
12886-M72655	King	WA
12894-X74755	Chelan	WA
12898-M69321	Chelan	WA
12899-M64946	Okanogan	WA
12900-M67216	Okanogan	WA
12901-M68646	Chelan	WA
12902-M68758	Chelan	WA
12903-M73418	Chelan	WA
12907-M69466	Chelan	WA
12908-M73495	Chelan	WA
12909-T84160	Thurston	WA
1291-T72025	Unknown	Unknown
12911-M69552	Chelan	WA
1292-T72060	Unknown	Unknown
12921-M69965	Chelan	WA
12924-M72284	King	WA
12926-M70857	Chelan	WA
12930-M69572	Spokane	WA
12934-M70748	King	WA
12935-M72218	King	WA
12936-M72237	King	WA
12948-M71071	King	WA
12953-T10616	King	WA
12957-M76939	Pierce	WA
12962-T14584	Pierce	WA
12978-T14264	King	WA
13003-M76798	Pierce	WA
13013-W73274	King	WA
13015-T10178	King	WA
13016-T12487	King	WA
13018-L20157	King	WA
1302-M66117	Pierce	WA
13027-W74036	King	WA
13028-W74136	King	WA
13029-W65818	King	WA
13031-W71634	King	WA
13039-W73894	King	WA
1304-M65931	Pierce	WA
13045-T92191	King	WA
13047-T92231	King	WA
1306-T71086	Snohomish	WA
13068-M68750	King	WA
1307-T72174	Unknown	Unknown
13070-T10632	King	WA
13071-T11088	King	WA
13079-T12756	King	WA
13080-T12753	King	WA
13081-T12832	King	WA
13082-T12707	King	WA
13083-T12493	King	WA
13084-T12828	King	WA
13085-T12492	King	WA
13086-T12325	King	WA
13087-T10334	King	WA
13088-T10748	King	WA
13090-T10864	King	WA
13099-T10327	King	WA
13102-L20559	King	WA
13104-L20106	King	WA
1311-M65708	Cook	IL
13110-T12816	King	WA
13112-T12535	King	WA
1312-M65696	Unknown	Unknown
1314-W50837	King	WA
1315-M66089	Pierce	WA
1319-T68932	King	WA
13196-W71931	Chelan	WA
1320-T68824	King	WA
13201-W72018	Chelan	WA
13207-W77809	Pierce	WA
13219-W72102	Chelan	WA
13222-T15124	King	WA
13226-W72275	Chelan	WA
13227-T18040	Pierce	WA
13232-T93750	Spokane	WA
13233-M72824	Spokane	WA
13234-M76524	Spokane	WA
13242-W71831	King	WA
13249-T14833	King	WA
13258-T85288	King	WA
13262-T93174	King	WA
13263-T15047	Kitsap	WA
13264-T14980	King	WA
13268-M72783	Spokane	WA
1327-T69650	King	WA
13274-T93001	Chelan	WA
13275-L22268	King	WA
13277-H88247	Okanogan	WA
13288-H96818	Spokane	WA
1329-M66093	Pierce	WA
13290-L25390	King	WA
13291-L26112	King	WA
13293-L24740	King	WA
13299-L25484	King	WA
13300-F10462	Spokane	WA
13306-L24777	King	WA
13310-F10285	Chelan	WA
13311-F10286	Chelan	WA
13317-H96943	Spokane	WA
13319-T39294	King	WA
13321-H96915	Spokane	WA
13324-F12105	Jefferson	WA
13330-L25671	King	WA
13332-L25862	King	WA
1334-W52498	Snohomish	WA
13356-L21207	King	WA
13357-L21216	King	WA
13364-L21263	King	WA
13366-H89362	King	WA
13367-L20879	King	WA
13368-L21233	King	WA
13370-L21228	King	WA
13381-L20777	King	WA
13384-F94725	King	WA
13386-W77283	Chelan	WA
13394-F98810	Deschutes	OR
13395-H96394	Pierce	WA
13397-H92306	King	WA
13400-H96337	Pierce	WA
13401-H96385	Pierce	WA
13402-H94722	King	WA
1342-W50133	Skagit	WA
13432-T88913	Unknown	Unknown
13444-T88915	Unknown	Unknown
1346-W52580	Snohomish	WA
1351-W53670	King	WA
1353-W50024	King	WA
1362-T69954	King	WA
1365-M66399	Fairfield	CT
1402-W53912	Unknown	Unknown
1403-T72761	Unknown	Unknown
1407-T72766	Unknown	Unknown
1412-W52154	King	WA
1415-W55197	Skagit	WA
1417-T72481	Pierce	WA
1426-H64588	Snohomish	WA
1427-H64615	Snohomish	WA
1433-W55388	King	WA
1435-T72806	Snohomish	WA
1440-W52938	King	WA
1441-W52625	King	WA
1446-H64644	Snohomish	WA
1448-H64383	King	WA
1452-W55339	King	WA
1458-W53959	King	WA
1465-T72441	Spokane	WA
1470-W54946	King	WA
1471-W55071	King	WA
1473-W53170	Chelan	WA
1486-W56209	Unknown	Unknown
1501-H69790	King	WA
154-X61193	King	WA
1552-H71173	King	WA
1567-F81337	Snohomish	WA
1570-H71486	King	WA
1574-H71466	King	WA
1575-H72823	King	WA
1578-H71453	King	WA
1581-F81377	Skagit	WA
1583-F81375	Yakima	WA
1587-H71054	King	WA
1588-H70462	King	WA
1593-F81356	Snohomish	WA
1595-H71487	King	WA
1597-F81292	Yakima	WA
1617-F81701	Whatcom	WA
1620-F81438	Skagit	WA
1631-F86494	King	WA
1632-H72989	Pierce	WA
1646-F84824	King	WA
1651-F88424	King	WA
1666-F87194	King	WA
1670-S13630	King	WA
1672-F87780	King	WA
1675-F85970	King	WA
1677-S13790	Snohomish	WA
1680-S13848	Skagit	WA
1682-S14018	Yakima	WA
1683-F86487	King	WA
1684-S13991	Whatcom	WA
1688-F86732	Snohomish	WA
1689-H73207	Snohomish	WA
1690-S13977	Whatcom	WA
1697-F88748	King	WA
1698-F88552	King	WA
1700-S15596	Snohomish	WA
1705-S16707	King	WA
1706-S16827	King	WA
1708-S17775	King	WA
1715-H73261	Pierce	WA
1716-F88965	King	WA
1724-S17235	King	WA
1729-S14649	King	WA
1730-S18381	King	WA
1731-S17738	King	WA
1733-S18277	King	WA
1739-S18300	King	WA
1741-S18317	Skagit	WA
1744-S16182	King	WA
1745-S16183	King	WA
1748-S14734	King	WA
1750-S18363	Yakima	WA
1758-X72114	Skagit	WA
1766-W89128	King	WA
1768-W88977	King	WA
1770-X71878	King	WA
1772-S18174	King	WA
1773-X72962	no container ID	no container ID
1774-X72951	King	WA
1778-X73518	Snohomish	WA
1782-X74410	King	WA
1791-F89148	Unknown	Unknown
1792-S18500	Chelan	WA
1797-X73626	King	WA
1799-X74690	Skagit	WA
1801-M67814	King	WA
1805-X74967	King	WA
1806-X75162	King	WA
1812-X74892	King	WA
1816-X75894	Unknown	Unknown
1817-X75879	Unknown	Unknown
1818-X75848	Unknown	Unknown
1821-X76054	Pierce	WA
1822-X76068	Pierce	WA
1824-X76053	Pierce	WA
1825-X75995	Pierce	WA
1826-X76000	Pierce	WA
1827-X75979	Pierce	WA
1828-X75954	Pierce	WA
1831-X75967	Pierce	WA
1834-X75652	Unknown	Unknown
1835-M72647	King	WA
1839-M74195	Snohomish	WA
1840-M70163	King	WA
1843-M73894	King	WA
1846-M74187	King	WA
1849-M73250	Multnomah	OR
1851-M73208	Multnomah	OR
1853-M74691	King	WA
1854-M74717	King	WA
1855-M74854	King	WA
1858-F85643	King	WA
1859-M74897	King	WA
1860-M74528	King	WA
1863-M73204	Chelan	WA
1864-M72023	Chelan	WA
1865-X73961	King	WA
1866-M69292	King	WA
1868-M71534	King	WA
1870-M75996	King	WA
1872-M76053	King	WA
1874-T77349	Snohomish	WA
18754-L1020627	King	WA
18760-F1027643	Pierce	WA
1877-T77036	King	WA
18772-H1027615	King	WA
18776-F1027639	Pierce	WA
1878-T76629	King	WA
1879-T75593	Whatcom	WA
1885-T77818	Deschutes	OR
1887-T77952	Deschutes	OR
1888-T78101	Kitsap	WA
1890-T78714	King	WA
1896-T75276	Pierce	WA
1904-M76307	King	WA
1907-X76100	Pierce	WA
1917-X76109	Pierce	WA
19193-T1024062	King	WA
1920-M76260	Pierce	WA
19246-F1035460	King	WA
19249-S1024043	King	WA
1925-T79663	Ada	ID
19250-S1023606	King	WA
19255-S1022705	King	WA
19258-S1026661	Thurston	WA
19260-S1026638	Thurston	WA
19262-S1026352	Thurston	WA
1928-T78771	King	WA
19291-H1045952	Yakima	WA
1930-T76855	King	WA
19329-H1042154	Pierce	WA
1934-T79694	Ada	ID
1935-T79138	Ada	ID
19358-S1025740	Spokane	WA
1937-T76725	Multnomah	OR
19374-L1039358	King	WA
19376-S1023659	Chelan	WA
1938-T78936	Ada	ID
19382-S1026944	Pierce	WA
19384-S1027036	Pierce	WA
19388-S1027060	Pierce	WA
1939-T79431	Ada	ID
19391-S1026917	Pierce	WA
19395-S1025070	King	WA
19404-L1040943	King	WA
19418-S1026703	Pierce	WA
19426-H1043878	Chelan	WA
1944-T80041	King	WA
19444-H1041520	Chelan	WA
19451-H1037277	Okanogan	WA
1946-M72979	King	WA
19463-F1039202	King	WA
1947-T81569	Kitsap	WA
1948-T76622	King	WA
19488-F1042863	Kitsap	WA
19507-F1038333	King	WA
19534-S1026298	Yakima	WA
19536-S1022543	King	WA
19539-T1026234	King	WA
1954-T81479	King	WA
19547-S1024561	Chelan	WA
1955-T78491	King	WA
1956-T78497	King	WA
1957-T78695	Ada	ID
1963-T81972	Skagit	WA
1965-T80286	King	WA
19661-S1027351	Spokane	WA
19676-X1017483	Pierce	WA
1968-T81568	Adams	WA
19681-S1027364	Spokane	WA
19692-S1026954	Pierce	WA
19695-X1017034	Pierce	WA
19700-S1027234	Pierce	WA
19721-L1040844	King	WA
1976-T82665	no container ID	no container ID
1977-T82235	Skagit	WA
1984-T82333	Island	WA
1994-T81474	King	WA
1997-T80666	King	WA
2006-T80905	Snohomish	WA
2008-W58638	King	WA
2022-M76564	Spokane	WA
20236-S1015379	Chelan	WA
20238-F1029954	Pierce	WA
20242-S1015212	King	WA
20245-H1030879	Pierce	WA
20246-H1030742	Pierce	WA
2029-T78757	King	WA
2032-M76554	Spokane	WA
2034-T82508	King	WA
2036-M76553	Spokane	WA
20397-W1037747	Adams	WA
20400-H1033572	King	WA
2041-T82574	Ada	ID
2045-T81655	Snohomish	WA
2047-T82490	Ada	ID
2053-T79859	King	WA
2059-T82511	King	WA
2062-T82659	Whatcom	WA
2066-W60000	King	WA
2071-W59782	Whatcom	WA
2072-W59592	Whatcom	WA
2074-W60367	King	WA
2076-W60700	King	WA
2082-T80057	King	WA
2086-W61119	King	WA
2087-W60213	King	WA
2091-M73728	King	WA
2099-H23124	no container ID	no container ID
2104-W61715	Kitsap	WA
2108-W61142	Pierce	WA
2109-W62959	King	WA
2115-W61410	King	WA
2119-W60973	King	WA
2129-W63124	King	WA
2131-T80184	King	WA
21398-L1047125	King	WA
21404-L1047383	King	WA
21405-M1043547	Spokane	WA
21409-T1038509	Chelan	WA
2145-W65115	Skagit	WA
21457-L1047857	King	WA
2146-W65244	Skagit	WA
21461-W1051043	Kitsap	WA
21547-T1037793	King	WA
21551-T1037155	King	WA
21554-L1045169	King	WA
21562-L1046310	King	WA
21576-L1045826	King	WA
2159-W66081	Ada	ID
21591-T1041821	Chelan	WA
21596-T1039184	Chelan	WA
21599-T1043924	Pierce	WA
2160-W65325	Ada	ID
21600-T1043926	Pierce	WA
21608-T1038311	Okanogan	WA
21628-T1045197	Pierce	WA
21644-W1052650	King	WA
21654-L1045093	King	WA
21658-M1038093	Chelan	WA
21659-M1037957	Chelan	WA
21660-M1041092	Chelan	WA
21667-M1038014	Spokane	WA
21673-M1037607	Chelan	WA
2169-M76455	Pierce	WA
21695-M1037936	Chelan	WA
21707-M1037997	Chelan	WA
21710-W1046025	King	WA
21712-W1047502	Chelan	WA
21717-W1054081	Pierce	WA
21720-W1054485	Pierce	WA
21721-H1051197	Pierce	WA
21723-W1054200	Pierce	WA
21726-W1054092	Pierce	WA
21727-W1053939	Pierce	WA
21728-H1050469	Pierce	WA
21732-W1054236	Pierce	WA
21734-W1054016	Pierce	WA
21735-W1053984	Pierce	WA
21736-W1054009	Pierce	WA
2174-W65738	Ada	ID
21742-W1054239	Pierce	WA
21746-W1053526	King	WA
21747-T1045438	Spokane	WA
21752-W1050358	Spokane	WA
21753-W1050308	Spokane	WA
21754-W1054444	King	WA
21755-W1053779	Bonneville	ID
21756-T1045445	Spokane	WA
21757-W1053513	King	WA
21759-W1053537	King	WA
2176-T83261	Pierce	WA
21760-H1049829	Deschutes	OR
21764-W1052777	King	WA
21771-W1052583	King	WA
21784-W1048960	Chelan	WA
21785-W1043573	Okanogan	WA
21786-W1046118	Okanogan	WA
21789-F1053822	King	WA
2179-T83055	Pierce	WA
2191-H74854	King	WA
2192-W62923	King	WA
2193-T83283	Pierce	WA
21960-H1056901	Spokane	WA
21961-L1053464	King	WA
21969-F1056290	King	WA
21978-L1053015	King	WA
2198-W65614	Ada	ID
21981-L1051983	King	WA
21982-L1053404	King	WA
21985-H1056915	Spokane	WA
21986-H1057311	Spokane	WA
21987-L1053489	King	WA
21988-F1053912	King	WA
21990-H1054045	Chelan	WA
21992-H1053953	Chelan	WA
21995-H1056862	Chelan	WA
21998-F1056269	King	WA
22003-F1055556	King	WA
22009-L1053672	King	WA
22016-L1052311	King	WA
22017-L1054046	King	WA
22020-L1053804	King	WA
22027-L1054000	King	WA
22028-L1053423	King	WA
2203-H74688	King	WA
22038-M1040658	Chelan	WA
22039-M1042467	Pierce	WA
22048-M1043147	Pierce	WA
22051-M1043183	Pierce	WA
22056-M1040612	Chelan	WA
22057-M1041054	Chelan	WA
22060-M1041050	Chelan	WA
22061-T1033325	King	WA
22077-M1044752	Pierce	WA
2208-W65936	King	WA
22080-M1043935	Pierce	WA
22090-T1044384	Pierce	WA
22094-M1043819	Spokane	WA
22096-M1043828	Spokane	WA
22103-M1043901	Pierce	WA
22105-L1046657	King	WA
22112-L1048813	King	WA
22117-H1055096	Okanogan	WA
22122-L1053412	King	WA
22124-H1056839	Chelan	WA
2213-W65799	Pierce	WA
22132-L1050867	King	WA
22137-H1055092	Okanogan	WA
2214-W65779	King	WA
22144-L1052427	King	WA
22148-H1049218	King	WA
22149-H1055107	Okanogan	WA
2215-W65760	King	WA
22151-H1051805	Chelan	WA
22152-W1054076	Pierce	WA
22155-H1054046	Chelan	WA
22157-L1050922	King	WA
22162-L1050418	King	WA
22172-L1052151	King	WA
22173-H1053713	Okanogan	WA
22175-L1049146	King	WA
22177-H1053824	Okanogan	WA
2218-W64849	Chelan	WA
22180-T1045426	Spokane	WA
22181-L1052723	King	WA
22182-W1054065	Yakima	WA
22184-H1054692	Chelan	WA
22186-H1056840	Chelan	WA
2219-W63831	King	WA
22190-H1054755	Okanogan	WA
2220-M76549	Pierce	WA
22201-M1035557	Chelan	WA
22204-M1036820	Chelan	WA
22205-X1020373	Spokane	WA
22207-L1044703	King	WA
22212-L1044460	King	WA
22216-L1044600	King	WA
22217-L1039322	King	WA
22228-X1021045	Pierce	WA
22230-L1040865	King	WA
22233-M1036588	Chelan	WA
22236-M1040798	Chelan	WA
22238-M1036656	Chelan	WA
22240-M1036543	Chelan	WA
22244-M1035615	King	WA
22247-L1040651	King	WA
22248-X1021062	Pierce	WA
2225-M76534	Pierce	WA
22253-M1040198	King	WA
22254-L1039386	King	WA
22256-M1036693	Chelan	WA
22258-M1035558	Chelan	WA
22270-X1021251	Pierce	WA
22271-M1035150	Pierce	WA
22273-L1040515	King	WA
22275-L1039377	King	WA
22276-F1056981	Deschutes	OR
22281-L1052353	King	WA
22286-L1053469	King	WA
22287-L1053632	King	WA
22293-L1053089	King	WA
22294-H1061363	Pierce	WA
22302-L1053999	King	WA
22306-L1052016	King	WA
22312-F1049014	Spokane	WA
22313-L1054572	King	WA
22316-L1053953	King	WA
22318-L1053601	King	WA
2232-W60751	Chelan	WA
22327-L1054428	King	WA
22328-L1054671	King	WA
22330-L1054587	King	WA
22331-L1053461	King	WA
22339-W1053806	Pierce	WA
2234-T83114	Pierce	WA
22343-F1060394	King	WA
22346-F1060253	King	WA
22348-F1060015	King	WA
22349-H1060344	King	WA
2235-T83281	Pierce	WA
22353-F1060421	King	WA
22358-F1061314	Pierce	WA
22360-H1062071	Pierce	WA
22363-L1059603	King	WA
22365-L1059348	King	WA
22370-L1058034	King	WA
22375-L1055631	King	WA
22376-L1057214	King	WA
22382-L1059292	King	WA
22389-S1032796	Chelan	WA
22398-L1054944	King	WA
22399-L1054663	King	WA
22405-F1061872	Grant	WA
22407-L1057081	King	WA
22409-L1057229	King	WA
22412-S1032737	Chelan	WA
22415-L1054420	King	WA
22416-S1034680	Deschutes	OR
22418-F1061426	Pierce	WA
22419-F1061414	Pierce	WA
22422-L1054412	King	WA
22423-L1057931	King	WA
22426-F1061583	King	WA
22429-F1061049	Pierce	WA
22431-F1059346	Pierce	WA
22432-F1061413	Pierce	WA
22436-H1062013	Pierce	WA
22438-L1051143	King	WA
22440-W1050999	King	WA
22444-L1051112	King	WA
22445-L1049974	King	WA
22446-W1047914	Deschutes	OR
22447-H1054526	Kitsap	WA
22449-L1050283	King	WA
2245-W63932	Thurston	WA
22451-W1051472	King	WA
22452-W1049014	Deschutes	OR
22454-L1050111	King	WA
22458-W1051635	King	WA
22460-L1051347	King	WA
22468-L1049746	King	WA
22476-L1050070	King	WA
22482-W1047536	Deschutes	OR
22485-T1045050	Pierce	WA
2249-T82787	Spokane	WA
22491-W1047465	Chelan	WA
22493-T1045682	Spokane	WA
22495-W1045879	Chelan	WA
2250-T82842	Spokane	WA
22502-W1042708	King	WA
22505-W1047328	Adams	WA
22514-T1045203	Pierce	WA
22517-T1044954	Pierce	WA
22521-W1051053	King	WA
22535-W1047849	King	WA
22537-W1048365	Adams	WA
2255-W66517	Kootenai	ID
2268-M84478	King	WA
22720-F1059333	Pierce	WA
22723-F1061516	King	WA
22731-F1060592	Pierce	WA
22735-F1061676	King	WA
22746-F1052641	Chelan	WA
22747-L1056413	King	WA
22748-F1052227	Chelan	WA
22751-L1055331	King	WA
22752-F1052097	Chelan	WA
22753-F1052095	Chelan	WA
22755-F1052226	Chelan	WA
22756-H1061353	Pierce	WA
22757-F1061216	King	WA
22758-H1061824	Spokane	WA
22762-H1061904	Spokane	WA
22769-F1050260	Okanogan	WA
22774-H1061057	Chelan	WA
2278-H27426	Pierce	WA
22782-F1054625	Chelan	WA
22784-H1061776	Spokane	WA
22791-F1055361	Spokane	WA
2280-M81172	Chelan	WA
22804-T1042529	King	WA
22809-T1038750	King	WA
22817-W1044025	King	WA
22827-W1053092	Pierce	WA
22835-W1047900	Chelan	WA
22839-W1049408	Chelan	WA
22847-W1053235	King	WA
22848-W1053183	King	WA
22851-W1049115	Chelan	WA
22852-W1044471	Okanogan	WA
22854-W1053429	Thurston	WA
22855-W1048927	Chelan	WA
22859-W1049784	Spokane	WA
22864-W1050646	Chelan	WA
22867-W1052295	Pierce	WA
22871-H1054819	Deschutes	OR
22885-H1050577	King	WA
22892-H1059846	King	WA
22897-H1060621	Pierce	WA
22899-H1059544	Pierce	WA
22900-H1059541	Pierce	WA
22903-H1052453	King	WA
22918-T1055769	Deschutes	OR
22920-T1057436	King	WA
22922-T1058507	Kitsap	WA
22927-X1028793	Pierce	WA
22938-M1051760	Chelan	WA
22948-M1056794	Chelan	WA
22951-M1050974	Chelan	WA
22952-L1060273	King	WA
22963-L1060136	King	WA
22972-T1053057	King	WA
22978-M1058022	King	WA
22981-M1051678	Okanogan	WA
22990-M1055851	Chelan	WA
22993-X1028460	Pierce	WA
22994-X1028653	Pierce	WA
22996-X1028473	Pierce	WA
22998-S1036477	Pierce	WA
23004-M1056795	Chelan	WA
2304-M82870	King	WA
2305-M82892	King	WA
23124-S1032594	King	WA
23126-S1030081	King	WA
23130-S1029913	Pierce	WA
23152-M1034507	Okanogan	WA
23164-M1039447	Chelan	WA
23166-M1039479	Chelan	WA
2317-M84473	King	WA
23175-H1059672	Pierce	WA
23184-H1057501	Chelan	WA
23193-H1057112	Spokane	WA
23194-W1052972	Spokane	WA
23196-H1053768	Chelan	WA
2320-M84574	King	WA
23200-H1054663	Chelan	WA
23206-F1053006	King	WA
23210-H1061106	Chelan	WA
23213-F1055893	King	WA
23234-F1051415	King	WA
23235-F1051457	King	WA
23237-H1061729	Pierce	WA
23245-F1055410	King	WA
23252-F1057299	Chelan	WA
23257-F1054162	Chelan	WA
23266-F1055964	Chelan	WA
23276-F1056043	Chelan	WA
23277-L1056089	King	WA
23278-L1056630	King	WA
23283-F1060325	King	WA
23293-F1053238	Okanogan	WA
23297-F1060476	King	WA
23299-H1061377	Pierce	WA
23302-F1056007	Chelan	WA
23305-L1056614	King	WA
23308-H1061374	Pierce	WA
23312-F1056855	Chelan	WA
23313-F1056939	Chelan	WA
23330-X1025218	Pierce	WA
23335-S1034059	King	WA
23339-S1035430	Deschutes	OR
23340-F1061093	Pierce	WA
23342-F1059521	King	WA
23349-M1036065	Okanogan	WA
23355-S1032646	Chelan	WA
23360-M1039344	Chelan	WA
23365-X1021135	Pierce	WA
23371-M1059831	Pierce	WA
23376-X1028853	Spokane	WA
23378-X1028851	Spokane	WA
23379-M1052528	Chelan	WA
23380-M1052531	Chelan	WA
23384-L1062642	King	WA
23389-L1061731	King	WA
23390-T1052404	King	WA
23391-T1049790	Pierce	WA
23394-T1051454	King	WA
23397-M1055952	Chelan	WA
23400-M1059210	Pierce	WA
23406-M1055657	Chelan	WA
23410-L1062723	King	WA
23414-X1028852	Spokane	WA
23415-M1059178	Pierce	WA
23422-M1055991	Chelan	WA
23423-X1028891	Spokane	WA
23426-M1055988	Chelan	WA
23429-M1055186	Chelan	WA
23430-M1056202	Spokane	WA
23431-T1059598	Thurston	WA
2344-X13498	Pierce	WA
23445-M1059863	Pierce	WA
23461-M1060075	Pierce	WA
23464-M1059781	Pierce	WA
23467-L1063495	King	WA
23468-L1066396	King	WA
23476-L1066607	King	WA
23477-M1060367	Pierce	WA
23481-L1065345	King	WA
23483-M1060458	Pierce	WA
23487-L1066526	King	WA
23488-T1052895	Chelan	WA
23489-T1052900	Chelan	WA
23490-T1052861	Chelan	WA
23498-T1054281	Chelan	WA
23501-T1056521	Chelan	WA
23510-T1056564	Chelan	WA
23511-T1056606	Chelan	WA
23526-L1061816	King	WA
23530-M1060095	Pierce	WA
23531-W1065195	Chelan	WA
23533-W1065192	Chelan	WA
23538-W1065405	Chelan	WA
23549-W1064623	Deschutes	OR
23555-T1051618	Okanogan	WA
23556-T1052248	Okanogan	WA
23562-L1063423	King	WA
23564-L1066414	King	WA
23566-L1065869	King	WA
23571-L1062965	King	WA
23576-M1059751	Pierce	WA
23579-T1051693	King	WA
23582-M1059931	Pierce	WA
23594-T1059240	Jefferson	WA
23596-L1067608	King	WA
23597-M1059853	Pierce	WA
23600-T1051911	King	WA
23606-L1063494	King	WA
2369-T85064	Pierce	WA
23691-S1036034	Pierce	WA
2374-M85709	Pierce	WA
23752-M1054338	King	WA
23756-X1028771	Pierce	WA
23782-F1070238	Chelan	WA
23804-F1069068	Okanogan	WA
2386-M85770	Pierce	WA
24020-H1067156	King	WA
2414-S42511	Chelan	WA
24191-F1075871	Thurston	WA
2425-T86670	Twin Falls	ID
2428-X14755	King	WA
2430-X14713	King	WA
24322-F1072941	King	WA
2435-T86817	Fairfield	CT
24373-S1043197	King	WA
24378-S1042936	Deschutes	OR
2441-T86875	Fairfield	CT
24556-L1081639	King	WA
24557-L1081020	King	WA
2462-T87465	Fairfield	CT
2465-T87516	Fairfield	CT
2466-T87526	Fairfield	CT
2469-T87546	Fairfield	CT
2473-T87641	Fairfield	CT
24736-X1034409	King	WA
2475-T87671	Fairfield	CT
24775-H1069216	Chelan	WA
24785-H1071585	King	WA
24786-H1069217	Chelan	WA
24787-H1071236	Chelan	WA
24793-H1066079	King	WA
24798-H1069054	Chelan	WA
2480-T88001	Ada	ID
24802-H1072955	King	WA
24809-W1068464	King	WA
24839-W1064137	Chelan	WA
2487-T88307	Fairfield	CT
24887-M1053618	King	WA
24890-M1055704	King	WA
24891-M1052862	King	WA
24901-T1058981	Pierce	WA
24906-T1055394	Chelan	WA
24908-T1056821	Chelan	WA
24910-T1059379	King	WA
24920-W1059785	King	WA
24925-W1060794	King	WA
24928-W1066090	King	WA
24930-W1066677	King	WA
24935-T1059406	Pierce	WA
24937-M1060325	Spokane	WA
24941-T1059401	Pierce	WA
24943-W1068246	Thurston	WA
24946-T1059089	Pierce	WA
24954-H1065091	King	WA
24958-L1067253	King	WA
2526-M80234	King	WA
2532-M80025	King	WA
2540-F10609	King	WA
2541-M80121	King	WA
2551-M80207	King	WA
2565-M79182	King	WA
2566-M79378	King	WA
2572-M77792	Kitsap	WA
2595-X81015	Pierce	WA
2599-X81030	Pierce	WA
2603-X81051	Pierce	WA
2606-M80279	King	WA
2608-X81063	Snohomish	WA
2609-X81068	Snohomish	WA
2618-M80245	King	WA
26488-M1093875	King	WA
26489-T1102502	King	WA
26490-T1097680	King	WA
26491-M1101110	King	WA
26493-M1103606	King	WA
26495-T1099221	King	WA
2651-M81778	Kitsap	WA
2663-X81111	Kitsap	WA
2665-M82168	King	WA
267-T51581	King	WA
2670-M82290	King	WA
2674-M82387	Fairfield	CT
2676-M82456	Fairfield	CT
2679-W15112	King	WA
26846-T1103302	King	WA
26847-T1096502	King	WA
26848-T1096678	King	WA
26849-T1093743	King	WA
26850-T1095974	King	WA
26851-T1096167	King	WA
26852-W1103656	King	WA
26853-W1102635	King	WA
26854-W1102620	King	WA
26855-T1096777	King	WA
26856-T1096088	King	WA
26857-T1102500	King	WA
26858-T1097037	King	WA
26859-T1097101	King	WA
26860-T1095855	King	WA
26861-T1097814	King	WA
26862-T1097080	King	WA
26863-T1097708	King	WA
26864-H1110645	King	WA
26865-W1112543	King	WA
26866-W1102693	King	WA
26867-W1106363	King	WA
26868-W1103184	King	WA
26869-M1097280	King	WA
2700-W17634	King	WA
27030-M1108936	King	WA
27031-M1107894	Pierce	WA
27032-M1107832	Pierce	WA
27033-M1107845	Pierce	WA
27034-M1107810	King	WA
27035-X1058152	King	WA
27038-X1056870	King	WA
27042-F1119599	King	WA
27043-F1119598	King	WA
27044-F1119600	King	WA
27045-F1118227	King	WA
27046-F1118666	Grays Harbor	WA
2725-M84645	King	WA
2729-W14390	King	WA
2730-M84722	King	WA
2736-W19168	King	WA
2737-W18886	King	WA
2743-W91919	King	WA
2744-W90111	King	WA
27496-H1116168	King	WA
27497-H1114264	King	WA
27498-H1113205	King	WA
27499-W1107181	King	WA
27500-H1114771	King	WA
27501-H1122733	King	WA
27502-M1110296	King	WA
2767-F13106	Pierce	WA
2778-S23252	King	WA
2780-W93033	King	WA
2781-X79419	King	WA
2795-W90941	King	WA
2814-W91499	no container ID	no container ID
2816-F13114	Pierce	WA
2818-F13117	Pierce	WA
2820-W93927	no container ID	no container ID
2834-W91475	no container ID	no container ID
2837-W91300	no container ID	no container ID
2849-W91462	no container ID	no container ID
2862-X78957	King	WA
2868-W91437	no container ID	no container ID
2872-X79239	King	WA
2877-X79382	King	WA
2890-W94343	no container ID	no container ID
2910-X80136	Snohomish	WA
2916-X80356	King	WA
2929-X80903	Skagit	WA
2937-X78097	King	WA
2940-S22720	King	WA
2943-H83384	Pierce	WA
2960-H83336	Pierce	WA
2961-H83369	Pierce	WA
2964-H83388	Pierce	WA
2971-F93619	Snohomish	WA
2976-H83506	King	WA
2980-F94447	Snohomish	WA
2982-F94710	King	WA
2983-F94773	Snohomish	WA
2986-F94828	King	WA
2987-F10027	Spokane	WA
29895-X1085810	King	WA
29896-F1168406	King	WA
29897-S1102782	King	WA
29898-S1104696	King	WA
29899-F1175256	King	WA
29900-S1103623	King	WA
2997-F11282	King	WA
3001-F11796	Snohomish	WA
3002-F11797	Snohomish	WA
3007-F11889	Snohomish	WA
3008-F12014	King	WA
3009-F12040	King	WA
3012-F12088	King	WA
3024-F12754	King	WA
3026-F12761	King	WA
3030-F12782	Island	WA
3036-F12833	Ada	ID
3041-F12864	Island	WA
3046-F12867	Island	WA
3048-F12869	Island	WA
3052-S20126	Island	WA
3060-S20199	Island	WA
3078-S20916	King	WA
3094-S21455	Fairfield	CT
3100-S21488	Fairfield	CT
3108-S21559	Fairfield	CT
3109-S21557	Fairfield	CT
3114-S21604	Fairfield	CT
3118-S21632	Fairfield	CT
3119-S21636	Fairfield	CT
3120-S21647	Fairfield	CT
3123-S21660	Fairfield	CT
3125-S21668	Fairfield	CT
3127-S21696	Fairfield	CT
3129-S21729	Fairfield	CT
3140-S21832	Fairfield	CT
3141-S21834	King	WA
3146-H24927	no container ID	no container ID
3158-S22580	King	WA
3167-S22625	Snohomish	WA
3172-S22872	Ada	ID
3177-S22996	Snohomish	WA
3183-S22994	Ada	ID
3186-S23021	Snohomish	WA
3188-S23087	Clark	WA
3202-S23329	Unknown	Unknown
3247-S24801	Skagit	WA
3259-F94984	King	WA
3265-F94306	King	WA
3269-F94625	King	WA
3336-H83071	King	WA
3369-F92873	King	WA
3413-F10594	Adams	WA
3416-F10973	Ada	ID
3417-F11020	Fairfield	CT
3425-F11192	Fairfield	CT
3450-F11502	Fairfield	CT
3465-F11577	Fairfield	CT
3470-F11615	Fairfield	CT
3493-F12535	King	WA
3497-F12573	King	WA
3500-F12618	King	WA
3515-H80224	King	WA
3519-H74342	King	WA
3521-H80961	King	WA
3529-H75738	King	WA
3539-H79056	King	WA
3560-W61610	Snohomish	WA
3570-T83322	Pierce	WA
3584-W65945	Snohomish	WA
3592-T43455	King	WA
3607-W66823	Island	WA
3611-W66830	Pierce	WA
3613-T43253	King	WA
3616-T44345	King	WA
3630-W21797	Pierce	WA
3632-W66969	Pierce	WA
3634-H77398	Skagit	WA
3662-H79132	Skagit	WA
3685-M39131	Pierce	WA
3692-H81024	Fairfield	CT
3783-W23111	King	WA
3809-H81303	King	WA
3810-H81039	King	WA
3812-H83101	King	WA
3814-H83086	King	WA
3815-F92487	King	WA
3816-F92639	King	WA
3826-H81516	Snohomish	WA
3827-H82982	King	WA
3828-W67119	Pierce	WA
3829-W66981	Pierce	WA
3832-F92567	King	WA
3833-H81049	King	WA
3834-H81618	Snohomish	WA
3838-F90802	Pierce	WA
3839-H82123	Snohomish	WA
3841-H81075	King	WA
3843-F90577	King	WA
3844-W67147	Pierce	WA
3845-H81233	Fairfield	CT
3849-H80932	King	WA
3850-H81079	King	WA
3853-H82867	King	WA
3855-H81823	Snohomish	WA
3858-H80088	King	WA
3862-H79351	King	WA
3868-H81066	King	WA
3871-H82935	Pierce	WA
3874-H82519	Kootenai	ID
3878-H81490	King	WA
3880-H79276	King	WA
3881-W67112	Pierce	WA
3883-F93162	King	WA
3889-F11611	King	WA
3892-F10685	Ada	ID
3895-F10987	King	WA
3899-F92993	King	WA
3900-F10885	King	WA
3903-F12031	King	WA
3904-F11491	King	WA
3908-F11503	King	WA
3911-F11629	Snohomish	WA
3917-F11341	King	WA
3918-F11351	King	WA
3923-F12562	Skagit	WA
393-W41899	King	WA
3932-F12772	King	WA
3935-F12551	Skagit	WA
3939-S20142	King	WA
3940-S20127	Snohomish	WA
3941-S20735	King	WA
3942-S20171	King	WA
3946-S20307	King	WA
3949-S21045	King	WA
3950-S20785	Whatcom	WA
3951-S20999	King	WA
3954-S21189	King	WA
3959-S20645	Whatcom	WA
3963-M85263	King	WA
3964-T90437	King	WA
3969-T91259	Pierce	WA
3972-X80051	Unknown	Unknown
3973-X79867	King	WA
3975-X79533	King	WA
3979-X78434	King	WA
3982-X79282	King	WA
3983-X79316	King	WA
3985-X78255	King	WA
3988-X77869	King	WA
3989-S25004	Snohomish	WA
3990-X78961	Snohomish	WA
3992-X80301	King	WA
3994-S25053	King	WA
3996-S25050	King	WA
3997-X80287	King	WA
4004-S25020	Snohomish	WA
4009-X80738	Snohomish	WA
4011-X80842	King	WA
4014-S24988	Pierce	WA
4015-S24912	Pierce	WA
4019-M77846	King	WA
4021-X80959	Skagit	WA
4024-M77806	King	WA
4025-M77794	King	WA
4026-X80949	King	WA
4031-X80508	King	WA
4032-X77912	King	WA
4035-S24914	Pierce	WA
4038-M78339	Pierce	WA
4039-X80100	Spokane	WA
4041-M77795	King	WA
4046-S24968	Pierce	WA
4051-W72127	King	WA
4052-W75706	King	WA
4058-W74559	King	WA
4061-W75495	King	WA
4065-W74919	King	WA
4067-W74629	King	WA
4068-W74491	King	WA
4082-T88604	King	WA
4089-W70190	King	WA
4097-W70012	King	WA
4100-T91955	Ada	ID
4105-T93126	King	WA
4109-T92875	Skagit	WA
4111-T92847	Skagit	WA
4114-T92712	King	WA
4117-T92904	King	WA
4118-T92906	King	WA
4127-W68505	King	WA
4130-T92908	King	WA
4180-W70075	King	WA
4188-T87076	King	WA
4197-T92841	Snohomish	WA
4210-T90070	King	WA
4213-T90095	King	WA
4217-T91294	King	WA
4221-T91993	King	WA
4224-T92114	King	WA
4225-T92165	King	WA
4226-T92175	King	WA
4227-T92306	Snohomish	WA
4228-T92391	King	WA
4237-W72162	Fairfield	CT
4238-W72190	Fairfield	CT
4239-W72198	Ada	ID
4243-W72343	King	WA
4244-W72378	Fairfield	CT
4250-W72747	Ada	ID
4251-W72881	Fairfield	CT
4254-W73922	Ada	ID
4255-W73933	Ada	ID
4266-W69553	Twin Falls	ID
4270-T92998	Pierce	WA
4279-T93067	Pierce	WA
4281-T93077	Pierce	WA
4289-T93112	Pierce	WA
4290-T93113	Pierce	WA
4291-T93114	Pierce	WA
4292-T93115	Pierce	WA
4296-T93131	Pierce	WA
4300-W70781	Deschutes	OR
4303-T93156	Pierce	WA
4307-W71430	Ada	ID
4308-W71467	Ada	ID
4315-T90617	King	WA
4316-T90349	King	WA
4317-S22932	King	WA
4318-T87888	San Juan	WA
4324-M85971	King	WA
4325-T85880	King	WA
4326-T90370	King	WA
4329-X81187	Pierce	WA
4330-T89177	King	WA
4331-M86056	Pierce	WA
4335-M85511	King	WA
4337-M85939	King	WA
4338-M85941	King	WA
4340-M85979	King	WA
4341-T86862	Fairfield	CT
4343-T86956	Fairfield	CT
4344-T86991	Fairfield	CT
4345-T87029	Fairfield	CT
4346-T87052	Fairfield	CT
4347-T87078	Fairfield	CT
4348-T87129	Fairfield	CT
4354-T87379	Ada	ID
4355-T87398	Ada	ID
4357-T87416	Ada	ID
4366-T88157	Fairfield	CT
4370-T88217	King	WA
4372-T88241	Fairfield	CT
4375-T88308	Ada	ID
4376-T88352	Ada	ID
4380-T88725	Ada	ID
4383-T88874	Twin Falls	ID
4388-T89140	Deschutes	OR
4396-T89252	Twin Falls	ID
4400-T89291	Ada	ID
4402-T89419	Ada	ID
4404-M86092	Pierce	WA
4406-T89578	King	WA
4407-T90457	King	WA
4409-T89625	Deschutes	OR
4410-T89672	Deschutes	OR
4413-T89822	King	WA
4414-T89846	King	WA
4417-T89996	Ada	ID
4418-T90043	Ada	ID
4424-T90459	Ada	ID
4427-T90625	Ada	ID
4433-T90805	Ada	ID
4434-S53892	King	WA
4448-T91225	Ada	ID
4461-T91486	Ada	ID
4462-T91496	Ada	ID
4486-T92132	Ada	ID
4499-T90317	King	WA
4500-T90510	King	WA
4538-X79831	King	WA
4541-X78049	Pierce	WA
4543-X78827	Pierce	WA
4545-X79544	King	WA
4546-T90923	Pierce	WA
4547-T91415	Ada	ID
4549-T91160	Skagit	WA
4550-T91006	Ada	ID
4552-T91080	Ada	ID
4555-T90928	Skagit	WA
4562-T85427	Skagit	WA
4563-M84999	Snohomish	WA
4564-T85435	Skagit	WA
4565-M82407	Snohomish	WA
4568-X81153	King	WA
4569-T92728	Snohomish	WA
4570-T86290	King	WA
4572-T86839	King	WA
4578-T92899	King	WA
4579-T91084	King	WA
4580-T90357	King	WA
4581-T92711	Snohomish	WA
4582-T92425	King	WA
4583-W68410	King	WA
4585-T91448	King	WA
4588-T90451	King	WA
4589-W68497	King	WA
4591-T90950	King	WA
4592-T92364	King	WA
4593-T91658	King	WA
4594-T91625	King	WA
4595-T92163	Ada	ID
4597-T91384	Ada	ID
4598-T91365	Ada	ID
4599-X81131	King	WA
4600-T91055	Ada	ID
4601-T91468	Ada	ID
4602-T91838	King	WA
4603-T91777	King	WA
4608-H81601	Island	WA
4609-H81711	Island	WA
4611-H82405	King	WA
4612-H82431	King	WA
4614-H76465	King	WA
4615-H79208	King	WA
4616-H79685	King	WA
4617-H81659	King	WA
4618-X77937	King	WA
4619-X76739	King	WA
4620-X77561	King	WA
4623-X77331	King	WA
4627-X78472	King	WA
4630-X79782	Skagit	WA
4632-X79126	King	WA
4633-X79558	King	WA
4640-X79847	King	WA
4643-M90823	King	WA
4646-M89088	King	WA
4649-M92879	King	WA
4657-M92080	King	WA
4659-M92830	King	WA
4660-M92682	King	WA
4663-M92760	King	WA
4664-M93420	King	WA
4676-M87960	Pierce	WA
4677-M87886	Pierce	WA
4678-M87933	King	WA
4682-M89348	King	WA
4684-M89275	King	WA
4688-F17184	King	WA
4690-M90283	King	WA
4698-M90228	King	WA
4703-M78246	King	WA
4705-M93707	King	WA
4707-M93644	King	WA
4725-M94856	King	WA
4726-T11096	King	WA
4727-T11187	King	WA
4730-M94271	Snohomish	WA
4732-X80208	Spokane	WA
4734-S22197	King	WA
4740-F10442	King	WA
4741-W64843	King	WA
4744-F12081	King	WA
4746-F10435	King	WA
4747-S20773	King	WA
4748-S23126	King	WA
4749-S22838	King	WA
4752-S23666	King	WA
4754-S24158	Snohomish	WA
4755-S24179	Snohomish	WA
4757-S23404	King	WA
4758-S23660	King	WA
4759-S23768	King	WA
4760-S23839	King	WA
4763-F13129	Pierce	WA
4765-S21227	King	WA
4766-S22505	King	WA
4769-F13038	Pierce	WA
4770-F12980	Pierce	WA
4776-F13160	Spokane	WA
4777-F12987	Pierce	WA
4779-X77961	King	WA
4892-T17290	King	WA
4897-W79434	King	WA
4917-T18162	King	WA
4921-T19623	King	WA
4931-W77727	King	WA
4999-T17160	Spokane	WA
5011-T19903	Pierce	WA
5016-T15781	King	WA
5025-T18479	King	WA
5026-T17857	King	WA
5034-W83849	no container ID	no container ID
5036-W80340	Fairfield	CT
5038-W81523	Fairfield	CT
5043-W81521	Fairfield	CT
506-W45770	King	WA
5065-W82601	King	WA
5073-W80664	Fairfield	CT
5086-W80615	Fairfield	CT
5095-W77468	King	WA
5104-T15524	Fairfield	CT
5136-W75983	Spokane	WA
5144-H92466	King	WA
5152-H92483	King	WA
5158-H91238	King	WA
5161-H91221	King	WA
5164-H91130	King	WA
5166-H91189	King	WA
5169-H91387	King	WA
5170-H91083	King	WA
5172-H89657	King	WA
5177-H85006	Pierce	WA
5178-H84987	King	WA
5181-H87641	King	WA
5182-H90262	King	WA
5184-H83652	King	WA
5189-W76497	Pierce	WA
5190-W76490	Pierce	WA
5192-H87720	King	WA
5194-H86776	King	WA
5201-W73713	King	WA
5203-H90396	King	WA
5205-H90297	King	WA
5231-H11785	no container ID	no container ID
524-H62246	King	WA
5251-H12723	no container ID	no container ID
5255-W84660	no container ID	no container ID
5358-X82516	King	WA
5359-X82961	King	WA
5361-X84169	King	WA
5364-X83618	King	WA
5369-X83477	King	WA
5371-X84227	King	WA
5382-X82996	King	WA
5388-X83973	King	WA
5397-X85236	Snohomish	WA
5400-X84279	Pierce	WA
5403-H81645	King	WA
5428-H82244	Snohomish	WA
5429-H76473	King	WA
5455-W64062	King	WA
5595-W81212	Fairfield	CT
5596-W81011	Fairfield	CT
5599-W81156	Fairfield	CT
5606-W80777	King	WA
5617-W83916	King	WA
5620-W83805	no container ID	no container ID
5622-W84731	no container ID	no container ID
5629-W83850	King	WA
5670-H18089	King	WA
5687-H17106	no container ID	no container ID
5714-M92017	Snohomish	WA
5717-T11249	Snohomish	WA
5731-T11555	Grays Harbor	WA
5732-T11396	King	WA
5737-T11243	King	WA
5738-T12085	Pierce	WA
5746-T13293	King	WA
5747-T13692	King	WA
5749-T15241	Fairfield	CT
5750-M10124	Pierce	WA
5754-T15344	Fairfield	CT
5756-T13406	King	WA
5763-T15444	Fairfield	CT
5764-T14956	Fairfield	CT
5765-T15163	Fairfield	CT
5770-T15423	Fairfield	CT
5772-T14740	Fairfield	CT
5773-T14602	Fairfield	CT
5775-T14138	Fairfield	CT
5776-T14628	King	WA
5780-M10177	Pierce	WA
5781-M10168	Pierce	WA
5812-T88040	King	WA
5847-T88421	King	WA
5860-T90452	King	WA
5879-T20001	Pierce	WA
5884-T19989	Pierce	WA
5888-T18554	Twin Falls	ID
5911-T15996	Chelan	WA
5932-T17068	King	WA
5947-T19218	Skagit	WA
6162-W71077	King	WA
6164-W75256	King	WA
6170-W75912	King	WA
6178-W73912	King	WA
6179-W70896	King	WA
6181-W74380	King	WA
6183-W75595	King	WA
6184-W75432	King	WA
6185-W75027	King	WA
6186-W75531	King	WA
6187-W75054	King	WA
6190-W73756	King	WA
6204-W74317	Snohomish	WA
6211-W76536	Pierce	WA
6213-W73545	Snohomish	WA
6219-W76605	Pierce	WA
6222-H88115	Ada	ID
6238-W76699	King	WA
6240-W76322	King	WA
6241-W76334	King	WA
6242-H87868	King	WA
6243-H88791	King	WA
6244-H87897	King	WA
6245-H89103	Fairfield	CT
6251-H89794	Fairfield	CT
6259-H90039	Fairfield	CT
6270-H89460	Fairfield	CT
6271-H89383	Fairfield	CT
6273-H89296	Fairfield	CT
6274-H89423	Fairfield	CT
6288-H89625	Fairfield	CT
6302-H90797	Skagit	WA
6314-H90709	Fairfield	CT
6315-H91720	King	WA
6321-H89914	King	WA
6327-H91490	Snohomish	WA
6331-W76729	Snohomish	WA
6335-H92829	Pierce	WA
6339-H92732	Pierce	WA
6343-H92865	Pierce	WA
6348-F18169	Ada	ID
6349-F17926	Ada	ID
6350-F17880	Ada	ID
6351-H92719	Pierce	WA
6353-H92714	Pierce	WA
6356-F15620	King	WA
6361-F18317	Fairfield	CT
6362-F18085	Fairfield	CT
6365-F17786	Ada	ID
6367-F19093	Ada	ID
6369-F18838	Fairfield	CT
6377-F18089	Ada	ID
6379-F18486	Fairfield	CT
6380-F17628	Fairfield	CT
6383-F19607	Ada	ID
6385-F18337	Fairfield	CT
6389-F19503	King	WA
6399-F19382	King	WA
6400-F21440	King	WA
6403-F21329	Snohomish	WA
6404-F21363	King	WA
6406-F21437	King	WA
6408-F21353	King	WA
6410-F21315	King	WA
6413-F21394	King	WA
6417-F18055	King	WA
6424-F20253	Snohomish	WA
6438-F21380	Snohomish	WA
6439-F18736	King	WA
6441-F18720	King	WA
6442-F21375	Snohomish	WA
6446-F20163	Ada	ID
6448-F20215	Ada	ID
6453-S27551	Ada	ID
6454-S27669	Ada	ID
6455-S27570	Twin Falls	ID
6457-S28374	Twin Falls	ID
6461-S28854	Ada	ID
6463-S28064	Ada	ID
6464-S28336	Ada	ID
6466-S29433	Twin Falls	ID
6467-S29442	Twin Falls	ID
6468-S28997	Ada	ID
6469-S28855	Ada	ID
6470-S28162	Twin Falls	ID
6472-S28476	Ada	ID
6473-S29341	Twin Falls	ID
6478-X83256	King	WA
6480-F22226	Pierce	WA
6481-F22291	Pierce	WA
6483-S30863	Snohomish	WA
6484-X84689	Skagit	WA
6485-X84628	Skagit	WA
6486-X83589	Kitsap	WA
6496-F22301	Pierce	WA
6497-F22248	Pierce	WA
650-F78537	Fairfield	CT
6501-F22249	Pierce	WA
6502-F22261	Pierce	WA
6504-X83603	King	WA
6507-S30866	Snohomish	WA
6511-S30727	Pierce	WA
6514-S30721	Pierce	WA
6516-S30853	Pierce	WA
6520-S30803	Pierce	WA
6525-S30820	Pierce	WA
6526-X84203	Chelan	WA
6527-X84299	Chelan	WA
6528-X83882	Chelan	WA
6535-S30782	Pierce	WA
6543-S30768	Pierce	WA
6546-S30833	Pierce	WA
6547-S30754	Pierce	WA
6548-S30825	Pierce	WA
6550-F22521	Spokane	WA
6559-X85636	Pierce	WA
6560-X85632	Pierce	WA
6562-X85660	Pierce	WA
6563-M90219	Fairfield	CT
6564-M90968	Fairfield	CT
6565-M89954	Fairfield	CT
6566-M91079	Fairfield	CT
6568-M90825	Fairfield	CT
6569-M90660	Fairfield	CT
6571-M91189	Fairfield	CT
6572-M90777	Fairfield	CT
6573-M90131	Fairfield	CT
6574-M89802	Fairfield	CT
6576-M90128	Fairfield	CT
6577-M89995	Fairfield	CT
6582-M90016	Fairfield	CT
6585-X85709	Pierce	WA
6586-M90054	Fairfield	CT
6587-M89818	Fairfield	CT
6589-X85666	Pierce	WA
6590-M89701	Fairfield	CT
6591-X85697	Pierce	WA
6592-M89869	Fairfield	CT
6594-M90178	Fairfield	CT
6596-M89433	Pierce	WA
6601-X85698	Pierce	WA
6603-M89747	Fairfield	CT
6605-X85701	Pierce	WA
6615-H17425	Snohomish	WA
6663-S35237	King	WA
6671-S35278	Snohomish	WA
6684-S33698	Fairfield	CT
6688-S36528	King	WA
6691-S33886	Fairfield	CT
6692-S34136	Fairfield	CT
6698-S36523	King	WA
6701-S33695	King	WA
6706-S36543	King	WA
6709-S33796	Fairfield	CT
6716-S36507	King	WA
6718-S35052	King	WA
6722-S31941	King	WA
6750-F31221	King	WA
6758-F26928	Fairfield	CT
6762-F25323	King	WA
6765-F29911	King	WA
6767-F29717	King	WA
6780-F27494	Fairfield	CT
6790-F27854	Fairfield	CT
6806-F27375	King	WA
6807-F27569	Fairfield	CT
6817-F27171	King	WA
6818-F28855	King	WA
6820-F29886	King	WA
6822-F29150	King	WA
6971-M84036	King	WA
6976-M85626	Skagit	WA
6980-M85614	Pierce	WA
6985-M85629	Skagit	WA
6990-M83003	King	WA
7006-M94105	King	WA
7007-M94108	King	WA
7011-M92575	King	WA
7012-M93059	King	WA
7013-M94280	King	WA
7016-M94410	King	WA
7022-M94136	King	WA
7040-M94341	Snohomish	WA
7070-M10274	Fairfield	CT
7093-X90165	Snohomish	WA
7106-X87640	King	WA
7115-X88714	King	WA
7128-S36710	Pierce	WA
7142-X87759	King	WA
7158-S36216	King	WA
7160-X87788	King	WA
7164-S36778	Pierce	WA
7166-M12960	King	WA
7167-M15139	no container ID	no container ID
7178-W79924	King	WA
7187-M17243	no container ID	no container ID
7188-M17359	King	WA
7196-M17335	no container ID	no container ID
7204-M17680	no container ID	no container ID
7214-M17849	no container ID	no container ID
7220-M18405	no container ID	no container ID
7227-M16900	no container ID	no container ID
7228-M17266	no container ID	no container ID
7230-M17390	no container ID	no container ID
7231-M18440	no container ID	no container ID
7235-X90429	King	WA
7236-F30946	King	WA
7237-M16846	King	WA
7242-T15053	King	WA
7257-T15181	Fairfield	CT
7260-T15308	Fairfield	CT
7265-T15445	Fairfield	CT
7266-T15454	Fairfield	CT
7270-T15558	Fairfield	CT
7281-T16232	Fairfield	CT
7283-T16321	Ada	ID
7285-T16412	Fairfield	CT
7290-T16756	Fairfield	CT
7291-T16938	Ada	ID
7306-T17495	Twin Falls	ID
7308-T18532	Ada	ID
7399-T21388	King	WA
7417-T23255	no container ID	no container ID
7424-T24252	no container ID	no container ID
7428-T27848	no container ID	no container ID
7434-T25369	no container ID	no container ID
7435-T25663	no container ID	no container ID
7449-T28188	no container ID	no container ID
7455-W87675	no container ID	no container ID
7473-T26669	no container ID	no container ID
7670-S40755	King	WA
7675-S39888	King	WA
7677-S40549	King	WA
7745-M20657	King	WA
7756-M21604	no container ID	no container ID
7763-X14266	King	WA
7764-X14270	King	WA
7770-M23604	no container ID	no container ID
7776-M26145	King	WA
7777-M26345	King	WA
7781-M26557	no container ID	no container ID
7794-M27332	no container ID	no container ID
7882-T32447	King	WA
8008-H33061	King	WA
8012-H30233	King	WA
8046-F45160	King	WA
8065-F46422	King	WA
808-S93838	King	WA
811-X68302	King	WA
8146-S45383	King	WA
8150-S45944	King	WA
8158-S46276	King	WA
8165-S46914	King	WA
8317-M34217	King	WA
8330-M36072	King	WA
8370-T51858	Pierce	WA
8418-F61468	King	WA
8421-F51456	King	WA
8422-F60381	King	WA
8423-F60087	King	WA
8431-F51461	King	WA
8437-H49178	Pierce	WA
8510-M45753	King	WA
8511-M44778	King	WA
8518-M48634	King	WA
8526-M50136	King	WA
8527-M49678	King	WA
8550-T56257	King	WA
8636-W35030	King	WA
8638-W37133	King	WA
8686-W36234	King	WA
8694-W37510	King	WA
8698-W36809	King	WA
8800-T61603	King	WA
8803-H59185	King	WA
8813-H52350	King	WA
8824-F64586	King	WA
8831-H57717	King	WA
8845-F72695	King	WA
8851-F73487	King	WA
8860-S60393	King	WA
8872-S62450	Pierce	WA
8873-S60206	King	WA
8876-S62974	King	WA
9014-T70691	King	WA
9016-T69186	King	WA
9018-T66695	King	WA
9032-X30708	King	WA
9054-M59630	King	WA
9068-M58360	King	WA
9069-M60238	King	WA
9190-S65580	Yakima	WA
9195-F80026	Okanogan	WA
9210-H65217	King	WA
9214-H72318	King	WA
9227-H73708	Pierce	WA
9228-H73710	Pierce	WA
9229-H73769	King	WA
9230-H73657	King	WA
9233-F78325	King	WA
9235-H65151	King	WA
9244-F84816	King	WA
9266-F85521	King	WA
9299-H65890	King	WA
9301-F86264	King	WA
9308-F80435	King	WA
9333-H73862	King	WA
9338-H73832	King	WA
9339-H73863	King	WA
9346-S68175	Deschutes	OR
9352-S66533	King	WA
9361-F87016	Pierce	WA
9362-F86926	Pierce	WA
9390-S70475	Pierce	WA
9407-X36266	King	WA
9422-M68120	King	WA
9439-M74658	King	WA
9500-M75983	King	WA
9504-M74532	Chelan	WA
9520-M77128	Pierce	WA
9532-T85758	Chelan	WA
9533-T85761	Chelan	WA
9551-T88771	Pierce	WA
9553-W57223	Yakima	WA
9568-W61763	King	WA
9569-W58458	King	WA
9578-W65570	King	WA
9579-H67417	King	WA
9580-W63408	King	WA
9600-F90274	King	WA
966-X68766	Snohomish	WA
970-S11921	Fairfield	CT
9755-M81935	Chelan	WA
9798-X43765	Pierce	WA
9819-T16757	King	WA
