strain	state	county
1000-X70047	WA	Pierce
10028-F21970	WA	King
10029-F21926	WA	King
10031-F21931	WA	King
10036-F21965	WA	King
10039-F21925	WA	King
10040-F21927	WA	King
10042-F22003	WA	King
1005-X69709	WA	King
10088-F21994	WA	King
10089-F22005	WA	King
10090-F21907	WA	King
10091-F22002	WA	King
10093-F21936	WA	King
10094-F22013	WA	King
10102-F22012	WA	King
10106-F21905	WA	King
10107-F21935	WA	King
10108-F21932	WA	King
1011-X69274	WA	King
10110-F21960	WA	King
10114-F21989	WA	King
10117-F22023	WA	King
10118-F22011	WA	King
10127-F21910	WA	King
10128-F21950	WA	King
10129-F21995	WA	King
1013-X70162	WA	Pierce
10130-F21982	WA	King
10131-F21991	WA	King
10136-S81294	WA	King
10138-F22026	WA	King
10158-T20271	WA	Pierce
10159-T21284	WA	King
10161-T29399	WA	King
10163-M10823	WA	Pierce
10174-M92775	WA	Chelan
1018-M58579	WA	King
10185-M94804	WA	King
10187-M89458	WA	King
10189-T19943	WA	Yakima
10190-X49561	WA	Pierce
10191-M86762	WA	King
10197-M93397	WA	King
10199-M83693	WA	King
1020-M62499	WA	King
10206-X49555	WA	Pierce
1021-M62392	WA	King
10212-X49570	WA	Pierce
10213-X49594	WA	Pierce
10216-X49563	WA	Pierce
10217-S85431	WA	Pierce
10230-S85415	WA	Pierce
10231-S85411	WA	Pierce
1024-X70064	WA	King
10247-M10889	WA	Pierce
1025-F78935	WA	King
10250-M10916	WA	Pierce
10272-W84658	WA	Pierce
10277-T31182	WA	Pierce
10283-W81216	WA	King
10284-W81292	WA	King
10286-W81289	WA	King
10298-W81188	WA	King
10305-W87583	WA	King
10306-W81308	WA	King
1031-M62823	MN	Olmsted
10317-W93105	WA	Pierce
10339-X53611	WA	King
10365-W94273	WA	Pierce
1037-M61305	WA	King
10380-F29401	WA	Yakima
10381-F29437	WA	Yakima
10383-H28416	WA	Pierce
1039-M62096	CT	Fairfield
10392-F37095	WA	King
10394-F37094	WA	King
10396-F35735	WA	King
10402-F28198	WA	King
10403-F28261	WA	King
10404-F28221	WA	King
10408-F28276	WA	King
1041-M61875	CT	Fairfield
10411-F37363	NA	NA
10420-S87690	WA	Pierce
10424-S89454	OR	Deschutes
10435-S89137	WA	King
10438-S88173	WA	King
10439-F40369	WA	Pierce
10442-F40270	WA	Pierce
10444-F31144	WA	King
10447-F40492	WA	Pierce
10449-X53648	WA	King
10453-S93102	WA	Pierce
10455-S93147	WA	Pierce
10459-X54080	WA	Spokane
1046-M63014	WA	King
10464-S93132	WA	Pierce
10465-X55555	WA	Pierce
10471-X55580	WA	Pierce
10472-X55587	WA	Pierce
10473-X55519	WA	Pierce
10479-M19418	WA	King
1048-M61908	WA	King
10485-M22314	WA	King
10496-M22729	WA	Chelan
1050-M62712	WA	King
10501-M19137	WA	Spokane
10508-T33579	WA	Pierce
1051-M61033	WA	King
10510-F21958	WA	King
10511-F21952	WA	King
10512-F21951	WA	King
10521-F21954	WA	King
10523-F25788	WA	King
1053-M62959	WA	King
10530-F21966	WA	King
10531-T33301	WA	Yakima
10533-T42938	WA	King
1055-M59498	WA	King
10552-H31970	WA	Pierce
10582-H41694	WA	King
10588-H45376	WA	Pierce
10599-S13062	WA	King
10612-F55992	WA	Jefferson
10613-F50434	WA	Grant
10621-T46508	WA	King
1064-M63188	MN	Olmsted
10648-T45709	WA	Snohomish
10652-T34905	WA	Okanogan
10653-T45718	WA	Snohomish
10654-T44590	WA	Pierce
10655-T44574	WA	Pierce
10658-T42988	WA	King
1066-M63519	WA	King
10663-T45923	WA	Snohomish
10669-T45728	WA	Thurston
10681-T46782	WA	Spokane
10685-T45852	WA	Snohomish
10687-W11689	WA	King
10688-T46444	WA	Pierce
1069-M64201	WA	King
10691-T43009	WA	King
10696-W15403	WA	King
10697-T41332	WA	King
10698-W15213	WA	King
1070-M64194	WA	King
10700-T42235	WA	King
10766-H35888	WA	King
10769-H45360	WA	Pierce
1077-M57631	WA	Pierce
1079-M62454	WA	King
10795-F51169	WA	Chelan
10818-F49103	WA	King
1082-M65636	WA	Snohomish
10826-F56961	WA	Pierce
10831-F56956	WA	Pierce
10834-F56939	WA	Pierce
10853-S18921	NA	NA
1086-T65413	WA	Snohomish
10868-S19506	NA	NA
1088-X70366	WA	Pierce
10902-S18748	NA	NA
1091-M61596	MN	Olmsted
1092-H63069	MN	Olmsted
10932-M40670	WA	Pierce
1094-M61507	CT	Fairfield
10948-S19344	WA	Pierce
10952-S19365	WA	Pierce
10953-S19208	WA	Pierce
10960-X60825	WA	Spokane
10983-M37513	WA	King
1099-M62174	CT	Fairfield
11002-M37459	WA	King
1101-M62084	MN	Olmsted
1102-M61761	CT	Fairfield
1103-M61749	CT	Fairfield
11036-T62608	WA	King
11038-T64073	WA	Pierce
1104-M61773	CT	Fairfield
11040-T63993	WA	Pierce
11043-T63995	WA	Pierce
1105-M61838	CT	Fairfield
11059-W35923	WA	Chelan
11072-W40935	WA	Pierce
11074-T63752	WA	Spokane
11076-W36752	WA	Spokane
11078-W26566	WA	King
1108-M60117	Unknown	Unknown
11089-H49519	WA	King
1109-M58280	WA	King
11090-W42326	WA	Pierce
11098-W42259	WA	Pierce
1111-M62995	WA	King
11115-H60949	WA	King
1113-M61313	MN	Olmsted
11142-S23257	WA	King
11144-S25764	OR	Deschutes
1116-M65437	IL	Cook
11165-F67917	WA	Chelan
11168-F67961	WA	Chelan
1117-M65402	IL	Cook
11187-H62882	WA	Pierce
11193-W42088	WA	Spokane
11196-F63166	WA	King
11208-M39463	Unknown	Unknown
11259-F71826	WA	Snohomish
11263-F71901	WA	King
1127-T66142	WA	King
11270-S27150	WA	King
11277-S30575	WA	Spokane
11278-S30407	WA	Spokane
11279-X64528	WA	King
1128-T68224	WA	King
11280-F73873	WA	Pierce
11285-F73856	WA	Pierce
11287-F74013	WA	Spokane
11289-S24270	WA	King
11290-S23633	WA	King
11293-X65585	WA	King
11297-X67600	WA	King
11300-S30889	WA	Spokane
11309-M47600	WA	King
1131-S11724	WA	Pierce
11324-M54862	WA	King
11325-M55219	WA	King
11328-M53892	WA	King
1133-M64405	WA	King
11338-M53841	WA	King
1134-M62610	MN	Olmsted
11341-M49454	WA	Chelan
11345-X68056	WA	Pierce
11347-M49429	WA	King
11349-X68050	WA	Pierce
1135-M62624	MN	Olmsted
11350-M55179	WA	King
1136-M62022	CT	Fairfield
1137-M64463	IL	Cook
1139-M58292	IL	Cook
11391-W45100	WA	Pierce
11394-T72611	WA	King
11399-M49703	WA	King
11401-T70879	WA	King
1141-M64858	IL	Cook
11425-M55266	WA	King
11436-T79797	WA	Pierce
11437-T79799	WA	Pierce
11438-M54564	WA	King
11442-T77823	WA	King
11443-T77638	WA	King
11447-T78100	WA	King
11449-T73570	WA	Spokane
11453-T72200	WA	Spokane
11454-T75526	WA	Spokane
11455-M58715	WA	Spokane
11457-M37754	WA	King
11459-M40726	WA	Pierce
1146-T64252	WA	King
11469-T81316	WA	Pierce
11472-T81303	WA	Pierce
11478-T81286	WA	Pierce
11480-T81522	WA	Pierce
11481-T81290	WA	Pierce
11484-W50287	WA	King
11487-W47587	WA	King
11488-W55619	WA	King
11489-W55214	WA	King
11499-W55520	WA	King
11512-W54494	WA	King
11513-W55304	WA	King
11518-F74057	WA	Pierce
11519-S31312	WA	Pierce
11521-S31310	WA	Pierce
11526-X68074	WA	Pierce
11529-X68105	WA	Pierce
11530-X68126	WA	Pierce
11533-X68169	WA	Pierce
11537-X68112	WA	Pierce
11538-X68113	WA	Pierce
11544-M56692	WA	Snohomish
11556-M53358	WA	Chelan
11561-M56991	WA	Pierce
11562-M57025	WA	Pierce
11564-M53541	WA	Chelan
11566-M53537	WA	Chelan
1157-T69071	WA	King
11571-M57353	WA	King
11572-X68214	WA	Spokane
11576-M58557	WA	Pierce
1158-T68663	WA	King
11580-M58354	WA	Pierce
11589-T78731	WA	King
1159-T68874	WA	King
11592-T73819	WA	King
11602-W42285	WA	Pierce
11608-W26870	WA	King
11611-H53888	WA	King
11616-W42802	WA	Snohomish
1162-M63325	WA	King
11625-H59391	WA	King
1163-M63241	WA	King
11630-H59866	WA	Chelan
11633-W42891	WA	Spokane
11635-F60088	WA	King
11636-H56590	WA	Chelan
11640-H62983	WA	Pierce
11645-F65589	WA	King
11648-H62841	WA	Pierce
11652-F65108	WA	King
11656-H62721	WA	Spokane
11661-S26412	WA	King
11664-S24284	WA	King
11668-F74039	WA	Pierce
11671-X67289	WA	King
11673-S31192	WA	Pierce
1169-T68406	WA	King
11701-T60372	WA	King
11703-T55008	WA	King
11707-M41744	WA	Thurston
11709-M40706	WA	Pierce
1171-T66891	WA	Pierce
11710-M40715	WA	Pierce
1172-M65603	Unknown	Unknown
11722-T59270	WA	King
11728-T63933	WA	Pierce
1174-M64563	WA	Skagit
11742-W34372	OR	Deschutes
11761-W55527	WA	King
11762-W53812	WA	Spokane
11763-W51619	WA	Spokane
11764-W53388	WA	Chelan
11765-W53611	WA	Chelan
1177-X70540	WA	King
11775-W53544	WA	Chelan
1178-M63659	WA	King
11780-W57627	WA	Pierce
1179-M63552	WA	King
11813-W54203	WA	King
1182-M65265	IL	Cook
11823-H76316	WA	King
11829-H75223	WA	King
11832-H75801	WA	Chelan
11836-W59010	WA	Spokane
1186-M60951	WA	King
11869-F88308	WA	Chelan
1189-M64316	WA	Skagit
1190-M64415	WA	Skagit
11903-H79635	WA	Pierce
11906-W59497	WA	Spokane
11909-W59620	WA	Spokane
11915-W59505	WA	Spokane
11918-W59543	WA	Spokane
11919-W58842	WA	Spokane
11929-S28119	Unknown	Unknown
1194-M65730	WA	Pierce
11989-T81490	WA	Pierce
12027-W54547	WA	King
1203-T66314	WA	Skagit
12067-S41375	WA	Pierce
12068-S41572	WA	Pierce
12069-S41480	WA	Pierce
12070-S41573	WA	Pierce
12078-M58500	WA	Pierce
12085-M51713	WA	Kitsap
12088-M48626	OR	Deschutes
1209-M64894	IL	Cook
12097-F73976	WA	Spokane
12098-H79688	WA	Pierce
12112-W60248	WA	Pierce
12117-W60313	WA	Pierce
1212-M61970	WA	Pierce
12127-H79708	WA	Pierce
12134-F87066	WA	King
12140-F87114	WA	King
12141-F86261	WA	King
12149-H80169	WA	Spokane
1215-T69831	WA	King
12158-F89651	WA	Thurston
1216-T69571	no container ID	no container ID
12162-F84964	WA	Chelan
12163-F84966	WA	Chelan
12164-F87890	WA	Chelan
12167-F87060	WA	King
1217-T70785	WA	King
12171-F85633	WA	King
12173-F87188	WA	King
1224-T65893	WA	Skagit
1226-T66707	WA	Pierce
12264-F87137	WA	King
1228-M62113	WA	King
12283-S39215	WA	King
1229-M64688	WA	King
1231-S11950	no container ID	no container ID
1232-M63438	WA	King
12324-F84497	WA	King
12332-S38764	WA	King
12333-S38878	WA	King
12334-S39555	WA	King
12338-S39127	WA	King
12340-S39303	WA	King
12348-S39386	WA	King
1235-T62577	WA	King
12352-S39646	WA	King
12355-S39282	WA	King
12356-S39462	WA	King
12359-S39244	WA	King
12360-S38660	WA	King
12361-S37848	WA	King
12362-S38951	WA	King
12364-S39274	WA	King
12367-S37982	WA	King
12368-S39148	WA	King
1237-M63258	WA	King
12370-S38365	WA	King
12371-S39493	WA	King
12372-S39236	WA	King
12377-S39425	WA	King
12378-S38139	WA	King
1238-X70597	WA	Pierce
12384-S38468	WA	King
12388-F82880	WA	King
12389-F83717	WA	King
12390-F83618	WA	King
12391-F82819	WA	King
12392-S37998	WA	King
12395-F89339	WA	Spokane
12396-F90909	WA	Spokane
12398-S38082	WA	King
1240-T62488	WA	King
12400-F90170	WA	Pierce
12401-S38140	WA	King
1241-S12130	WA	Spokane
1242-T63699	WA	Skagit
12436-S39572	WA	King
12437-S38957	WA	King
1244-M62590	WA	King
12440-S38777	WA	King
12443-S38380	WA	King
12446-S38167	WA	King
1245-M65741	WA	King
1247-M65743	WA	King
12478-X71985	WA	King
12488-M69133	WA	King
1250-M65031	WA	King
12516-X72782	WA	Pierce
12521-F90230	WA	Pierce
12531-F89218	WA	Spokane
12539-S41319	WA	Pierce
12542-S37519	WA	Spokane
12543-X73236	WA	King
12548-F90203	WA	Pierce
1255-T64269	WA	Snohomish
12557-F91173	WA	Pierce
1256-T64988	WA	Snohomish
1257-T64971	WA	Snohomish
12570-F89141	WA	Spokane
12575-F91170	WA	Pierce
12576-F88972	WA	Spokane
12578-S37277	WA	Spokane
1258-T64763	WA	King
12582-S42029	WA	Franklin
12593-F91098	WA	Pierce
12594-S41430	WA	Pierce
12596-S41435	WA	Pierce
12598-S41447	WA	Pierce
12600-S42196	WA	Spokane
12601-X73427	WA	Spokane
12602-X73428	WA	Spokane
12604-S42254	WA	Spokane
12611-X73915	WA	Spokane
12612-X73968	WA	Spokane
12613-X73606	WA	Spokane
12614-X73573	WA	Spokane
12621-S41624	WA	Pierce
12622-S41579	WA	Pierce
12624-X74617	WA	Pierce
12625-M62561	WA	King
12626-S42327	WA	Pierce
12627-X74695	WA	Pierce
12632-M63506	WA	King
12633-M64734	WA	King
12634-X74558	WA	Pierce
12637-X74532	WA	Pierce
12638-S42313	WA	Pierce
1264-M66160	WA	Pierce
12641-X74588	WA	Pierce
12645-M65697	OR	Deschutes
12646-M65482	OR	Deschutes
1265-M65342	IL	Cook
12652-M67750	WA	King
12653-M64761	WA	King
12657-M74810	WA	King
12658-M75027	WA	King
12659-M71570	WA	King
12660-M72519	WA	King
12671-M74102	WA	King
1268-W48597	WA	Snohomish
12685-M72343	WA	King
12686-M71667	WA	King
12689-M70196	WA	King
1269-T68625	WA	King
12693-M72011	WA	King
12703-F92363	WA	Pierce
12705-M76561	WA	Pierce
12706-M76324	WA	Pierce
12709-X74885	WA	Pierce
1271-M65924	WA	Pierce
12714-X74783	WA	Spokane
12716-T87951	WA	King
1272-M66035	WA	Pierce
12728-M71068	WA	King
1273-T71154	WA	King
12732-T85125	WA	King
12733-M72622	WA	King
1274-T68686	WA	King
12747-M76118	WA	Pierce
12758-T92386	OR	Deschutes
12760-M71162	WA	King
12761-T93865	WA	King
12762-T92987	OR	Deschutes
12763-T13445	WA	Pierce
12765-M71091	WA	King
12770-M71739	WA	King
12771-M71998	WA	King
12772-M71392	WA	King
12776-P10974	Unknown	Unknown
12777-P10963	Unknown	Unknown
12782-P10944	Unknown	Unknown
12785-M70726	WA	King
12796-M73032	WA	Chelan
12797-M73031	WA	Chelan
12801-T83440	WA	Yakima
1282-T70234	WA	King
12821-T93630	WA	King
12822-T91338	WA	King
12828-M72135	WA	King
12830-M69902	WA	King
12831-M71477	WA	King
12832-M71930	WA	King
12835-M71432	WA	King
12839-M71674	WA	King
12841-M71678	WA	King
12846-M72631	WA	King
12847-M70344	WA	King
12853-M71699	WA	King
12854-M72189	WA	King
12857-M71042	WA	King
12858-M72345	WA	King
12859-M72361	WA	King
12861-M72210	WA	King
12863-M70862	WA	King
12874-M66540	WA	Okanogan
12875-M64473	WA	Okanogan
12876-M62844	WA	Okanogan
12878-M75017	WA	King
12879-M74904	WA	King
12881-M73092	WA	King
12883-M72663	WA	King
12886-M72655	WA	King
12894-X74755	WA	Chelan
12898-M69321	WA	Chelan
12899-M64946	WA	Okanogan
12900-M67216	WA	Okanogan
12901-M68646	WA	Chelan
12902-M68758	WA	Chelan
12903-M73418	WA	Chelan
12907-M69466	WA	Chelan
12908-M73495	WA	Chelan
12909-T84160	WA	Thurston
1291-T72025	Unknown	Unknown
12911-M69552	WA	Chelan
1292-T72060	Unknown	Unknown
12921-M69965	WA	Chelan
12924-M72284	WA	King
12926-M70857	WA	Chelan
12930-M69572	WA	Spokane
12934-M70748	WA	King
12935-M72218	WA	King
12936-M72237	WA	King
12948-M71071	WA	King
12953-T10616	WA	King
12957-M76939	WA	Pierce
12962-T14584	WA	Pierce
12978-T14264	WA	King
13003-M76798	WA	Pierce
13013-W73274	WA	King
13015-T10178	WA	King
13016-T12487	WA	King
13018-L20157	WA	King
1302-M66117	WA	Pierce
13027-W74036	WA	King
13028-W74136	WA	King
13029-W65818	WA	King
13031-W71634	WA	King
13039-W73894	WA	King
1304-M65931	WA	Pierce
13045-T92191	WA	King
13047-T92231	WA	King
1306-T71086	WA	Snohomish
13068-M68750	WA	King
1307-T72174	Unknown	Unknown
13070-T10632	WA	King
13071-T11088	WA	King
13079-T12756	WA	King
13080-T12753	WA	King
13081-T12832	WA	King
13082-T12707	WA	King
13083-T12493	WA	King
13084-T12828	WA	King
13085-T12492	WA	King
13086-T12325	WA	King
13087-T10334	WA	King
13088-T10748	WA	King
13090-T10864	WA	King
13099-T10327	WA	King
13102-L20559	WA	King
13104-L20106	WA	King
1311-M65708	IL	Cook
13110-T12816	WA	King
13112-T12535	WA	King
1312-M65696	Unknown	Unknown
1314-W50837	WA	King
1315-M66089	WA	Pierce
1319-T68932	WA	King
13196-W71931	WA	Chelan
1320-T68824	WA	King
13201-W72018	WA	Chelan
13207-W77809	WA	Pierce
13219-W72102	WA	Chelan
13222-T15124	WA	King
13226-W72275	WA	Chelan
13227-T18040	WA	Pierce
13232-T93750	WA	Spokane
13233-M72824	WA	Spokane
13234-M76524	WA	Spokane
13242-W71831	WA	King
13249-T14833	WA	King
13258-T85288	WA	King
13262-T93174	WA	King
13263-T15047	WA	Kitsap
13264-T14980	WA	King
13268-M72783	WA	Spokane
1327-T69650	WA	King
13274-T93001	WA	Chelan
13275-L22268	WA	King
13277-H88247	WA	Okanogan
13288-H96818	WA	Spokane
1329-M66093	WA	Pierce
13290-L25390	WA	King
13291-L26112	WA	King
13293-L24740	WA	King
13299-L25484	WA	King
13300-F10462	WA	Spokane
13306-L24777	WA	King
13310-F10285	WA	Chelan
13311-F10286	WA	Chelan
13317-H96943	WA	Spokane
13319-T39294	WA	King
13321-H96915	WA	Spokane
13324-F12105	WA	Jefferson
13330-L25671	WA	King
13332-L25862	WA	King
1334-W52498	WA	Snohomish
13356-L21207	WA	King
13357-L21216	WA	King
13364-L21263	WA	King
13366-H89362	WA	King
13367-L20879	WA	King
13368-L21233	WA	King
13370-L21228	WA	King
13381-L20777	WA	King
13384-F94725	WA	King
13386-W77283	WA	Chelan
13394-F98810	OR	Deschutes
13395-H96394	WA	Pierce
13397-H92306	WA	King
13400-H96337	WA	Pierce
13401-H96385	WA	Pierce
13402-H94722	WA	King
1342-W50133	WA	Skagit
13432-T88913	Unknown	Unknown
13444-T88915	Unknown	Unknown
1346-W52580	WA	Snohomish
1351-W53670	WA	King
1353-W50024	WA	King
1362-T69954	WA	King
1365-M66399	CT	Fairfield
1402-W53912	Unknown	Unknown
1403-T72761	Unknown	Unknown
1407-T72766	Unknown	Unknown
1412-W52154	WA	King
1415-W55197	WA	Skagit
1417-T72481	WA	Pierce
1426-H64588	WA	Snohomish
1427-H64615	WA	Snohomish
1433-W55388	WA	King
1435-T72806	WA	Snohomish
1440-W52938	WA	King
1441-W52625	WA	King
1446-H64644	WA	Snohomish
1448-H64383	WA	King
1452-W55339	WA	King
1458-W53959	WA	King
1465-T72441	WA	Spokane
1470-W54946	WA	King
1471-W55071	WA	King
1473-W53170	WA	Chelan
1486-W56209	Unknown	Unknown
1501-H69790	WA	King
154-X61193	WA	King
1552-H71173	WA	King
1567-F81337	WA	Snohomish
1570-H71486	WA	King
1574-H71466	WA	King
1575-H72823	WA	King
1578-H71453	WA	King
1581-F81377	WA	Skagit
1583-F81375	WA	Yakima
1587-H71054	WA	King
1588-H70462	WA	King
1593-F81356	WA	Snohomish
1595-H71487	WA	King
1597-F81292	WA	Yakima
1617-F81701	WA	Whatcom
1620-F81438	WA	Skagit
1631-F86494	WA	King
1632-H72989	WA	Pierce
1646-F84824	WA	King
1651-F88424	WA	King
1666-F87194	WA	King
1670-S13630	WA	King
1672-F87780	WA	King
1675-F85970	WA	King
1677-S13790	WA	Snohomish
1680-S13848	WA	Skagit
1682-S14018	WA	Yakima
1683-F86487	WA	King
1684-S13991	WA	Whatcom
1688-F86732	WA	Snohomish
1689-H73207	WA	Snohomish
1690-S13977	WA	Whatcom
1697-F88748	WA	King
1698-F88552	WA	King
1700-S15596	WA	Snohomish
1705-S16707	WA	King
1706-S16827	WA	King
1708-S17775	WA	King
1715-H73261	WA	Pierce
1716-F88965	WA	King
1724-S17235	WA	King
1729-S14649	WA	King
1730-S18381	WA	King
1731-S17738	WA	King
1733-S18277	WA	King
1739-S18300	WA	King
1741-S18317	WA	Skagit
1744-S16182	WA	King
1745-S16183	WA	King
1748-S14734	WA	King
1750-S18363	WA	Yakima
1758-X72114	WA	Skagit
1766-W89128	WA	King
1768-W88977	WA	King
1770-X71878	WA	King
1772-S18174	WA	King
1773-X72962	no container ID	no container ID
1774-X72951	WA	King
1778-X73518	WA	Snohomish
1782-X74410	WA	King
1791-F89148	Unknown	Unknown
1792-S18500	WA	Chelan
1797-X73626	WA	King
1799-X74690	WA	Skagit
1801-M67814	WA	King
1805-X74967	WA	King
1806-X75162	WA	King
1812-X74892	WA	King
1816-X75894	Unknown	Unknown
1817-X75879	Unknown	Unknown
1818-X75848	Unknown	Unknown
1821-X76054	WA	Pierce
1822-X76068	WA	Pierce
1824-X76053	WA	Pierce
1825-X75995	WA	Pierce
1826-X76000	WA	Pierce
1827-X75979	WA	Pierce
1828-X75954	WA	Pierce
1831-X75967	WA	Pierce
1834-X75652	Unknown	Unknown
1835-M72647	WA	King
1839-M74195	WA	Snohomish
1840-M70163	WA	King
1843-M73894	WA	King
1846-M74187	WA	King
1849-M73250	OR	Multnomah
1851-M73208	OR	Multnomah
1853-M74691	WA	King
1854-M74717	WA	King
1855-M74854	WA	King
1858-F85643	WA	King
1859-M74897	WA	King
1860-M74528	WA	King
1863-M73204	WA	Chelan
1864-M72023	WA	Chelan
1865-X73961	WA	King
1866-M69292	WA	King
1868-M71534	WA	King
1870-M75996	WA	King
1872-M76053	WA	King
1874-T77349	WA	Snohomish
18754-L1020627	WA	King
18760-F1027643	WA	Pierce
1877-T77036	WA	King
18772-H1027615	WA	King
18776-F1027639	WA	Pierce
1878-T76629	WA	King
1879-T75593	WA	Whatcom
1885-T77818	OR	Deschutes
1887-T77952	OR	Deschutes
1888-T78101	WA	Kitsap
1890-T78714	WA	King
1896-T75276	WA	Pierce
1904-M76307	WA	King
1907-X76100	WA	Pierce
1917-X76109	WA	Pierce
19193-T1024062	WA	King
1920-M76260	WA	Pierce
19246-F1035460	WA	King
19249-S1024043	WA	King
1925-T79663	ID	Ada
19250-S1023606	WA	King
19255-S1022705	WA	King
19258-S1026661	WA	Thurston
19260-S1026638	WA	Thurston
19262-S1026352	WA	Thurston
1928-T78771	WA	King
19291-H1045952	WA	Yakima
1930-T76855	WA	King
19329-H1042154	WA	Pierce
1934-T79694	ID	Ada
1935-T79138	ID	Ada
19358-S1025740	WA	Spokane
1937-T76725	OR	Multnomah
19374-L1039358	WA	King
19376-S1023659	WA	Chelan
1938-T78936	ID	Ada
19382-S1026944	WA	Pierce
19384-S1027036	WA	Pierce
19388-S1027060	WA	Pierce
1939-T79431	ID	Ada
19391-S1026917	WA	Pierce
19395-S1025070	WA	King
19404-L1040943	WA	King
19418-S1026703	WA	Pierce
19426-H1043878	WA	Chelan
1944-T80041	WA	King
19444-H1041520	WA	Chelan
19451-H1037277	WA	Okanogan
1946-M72979	WA	King
19463-F1039202	WA	King
1947-T81569	WA	Kitsap
1948-T76622	WA	King
19488-F1042863	WA	Kitsap
19507-F1038333	WA	King
19534-S1026298	WA	Yakima
19536-S1022543	WA	King
19539-T1026234	WA	King
1954-T81479	WA	King
19547-S1024561	WA	Chelan
1955-T78491	WA	King
1956-T78497	WA	King
1957-T78695	ID	Ada
1963-T81972	WA	Skagit
1965-T80286	WA	King
19661-S1027351	WA	Spokane
19676-X1017483	WA	Pierce
1968-T81568	WA	Adams
19681-S1027364	WA	Spokane
19692-S1026954	WA	Pierce
19695-X1017034	WA	Pierce
19700-S1027234	WA	Pierce
19721-L1040844	WA	King
1976-T82665	no container ID	no container ID
1977-T82235	WA	Skagit
1984-T82333	WA	Island
1994-T81474	WA	King
1997-T80666	WA	King
2006-T80905	WA	Snohomish
2008-W58638	WA	King
2022-M76564	WA	Spokane
20236-S1015379	WA	Chelan
20238-F1029954	WA	Pierce
20242-S1015212	WA	King
20245-H1030879	WA	Pierce
20246-H1030742	WA	Pierce
2029-T78757	WA	King
2032-M76554	WA	Spokane
2034-T82508	WA	King
2036-M76553	WA	Spokane
20397-W1037747	WA	Adams
20400-H1033572	WA	King
2041-T82574	ID	Ada
2045-T81655	WA	Snohomish
2047-T82490	ID	Ada
2053-T79859	WA	King
2059-T82511	WA	King
2062-T82659	WA	Whatcom
2066-W60000	WA	King
2071-W59782	WA	Whatcom
2072-W59592	WA	Whatcom
2074-W60367	WA	King
2076-W60700	WA	King
2082-T80057	WA	King
2086-W61119	WA	King
2087-W60213	WA	King
2091-M73728	WA	King
2099-H23124	no container ID	no container ID
2104-W61715	WA	Kitsap
2108-W61142	WA	Pierce
2109-W62959	WA	King
2115-W61410	WA	King
2119-W60973	WA	King
2129-W63124	WA	King
2131-T80184	WA	King
21398-L1047125	WA	King
21404-L1047383	WA	King
21405-M1043547	WA	Spokane
21409-T1038509	WA	Chelan
2145-W65115	WA	Skagit
21457-L1047857	WA	King
2146-W65244	WA	Skagit
21461-W1051043	WA	Kitsap
21547-T1037793	WA	King
21551-T1037155	WA	King
21554-L1045169	WA	King
21562-L1046310	WA	King
21576-L1045826	WA	King
2159-W66081	ID	Ada
21591-T1041821	WA	Chelan
21596-T1039184	WA	Chelan
21599-T1043924	WA	Pierce
2160-W65325	ID	Ada
21600-T1043926	WA	Pierce
21608-T1038311	WA	Okanogan
21628-T1045197	WA	Pierce
21644-W1052650	WA	King
21654-L1045093	WA	King
21658-M1038093	WA	Chelan
21659-M1037957	WA	Chelan
21660-M1041092	WA	Chelan
21667-M1038014	WA	Spokane
21673-M1037607	WA	Chelan
2169-M76455	WA	Pierce
21695-M1037936	WA	Chelan
21707-M1037997	WA	Chelan
21710-W1046025	WA	King
21712-W1047502	WA	Chelan
21717-W1054081	WA	Pierce
21720-W1054485	WA	Pierce
21721-H1051197	WA	Pierce
21723-W1054200	WA	Pierce
21726-W1054092	WA	Pierce
21727-W1053939	WA	Pierce
21728-H1050469	WA	Pierce
21732-W1054236	WA	Pierce
21734-W1054016	WA	Pierce
21735-W1053984	WA	Pierce
21736-W1054009	WA	Pierce
2174-W65738	ID	Ada
21742-W1054239	WA	Pierce
21746-W1053526	WA	King
21747-T1045438	WA	Spokane
21752-W1050358	WA	Spokane
21753-W1050308	WA	Spokane
21754-W1054444	WA	King
21755-W1053779	ID	Bonneville
21756-T1045445	WA	Spokane
21757-W1053513	WA	King
21759-W1053537	WA	King
2176-T83261	WA	Pierce
21760-H1049829	OR	Deschutes
21764-W1052777	WA	King
21771-W1052583	WA	King
21784-W1048960	WA	Chelan
21785-W1043573	WA	Okanogan
21786-W1046118	WA	Okanogan
21789-F1053822	WA	King
2179-T83055	WA	Pierce
2191-H74854	WA	King
2192-W62923	WA	King
2193-T83283	WA	Pierce
21960-H1056901	WA	Spokane
21961-L1053464	WA	King
21969-F1056290	WA	King
21978-L1053015	WA	King
2198-W65614	ID	Ada
21981-L1051983	WA	King
21982-L1053404	WA	King
21985-H1056915	WA	Spokane
21986-H1057311	WA	Spokane
21987-L1053489	WA	King
21988-F1053912	WA	King
21990-H1054045	WA	Chelan
21992-H1053953	WA	Chelan
21995-H1056862	WA	Chelan
21998-F1056269	WA	King
22003-F1055556	WA	King
22009-L1053672	WA	King
22016-L1052311	WA	King
22017-L1054046	WA	King
22020-L1053804	WA	King
22027-L1054000	WA	King
22028-L1053423	WA	King
2203-H74688	WA	King
22038-M1040658	WA	Chelan
22039-M1042467	WA	Pierce
22048-M1043147	WA	Pierce
22051-M1043183	WA	Pierce
22056-M1040612	WA	Chelan
22057-M1041054	WA	Chelan
22060-M1041050	WA	Chelan
22061-T1033325	WA	King
22077-M1044752	WA	Pierce
2208-W65936	WA	King
22080-M1043935	WA	Pierce
22090-T1044384	WA	Pierce
22094-M1043819	WA	Spokane
22096-M1043828	WA	Spokane
22103-M1043901	WA	Pierce
22105-L1046657	WA	King
22112-L1048813	WA	King
22117-H1055096	WA	Okanogan
22122-L1053412	WA	King
22124-H1056839	WA	Chelan
2213-W65799	WA	Pierce
22132-L1050867	WA	King
22137-H1055092	WA	Okanogan
2214-W65779	WA	King
22144-L1052427	WA	King
22148-H1049218	WA	King
22149-H1055107	WA	Okanogan
2215-W65760	WA	King
22151-H1051805	WA	Chelan
22152-W1054076	WA	Pierce
22155-H1054046	WA	Chelan
22157-L1050922	WA	King
22162-L1050418	WA	King
22172-L1052151	WA	King
22173-H1053713	WA	Okanogan
22175-L1049146	WA	King
22177-H1053824	WA	Okanogan
2218-W64849	WA	Chelan
22180-T1045426	WA	Spokane
22181-L1052723	WA	King
22182-W1054065	WA	Yakima
22184-H1054692	WA	Chelan
22186-H1056840	WA	Chelan
2219-W63831	WA	King
22190-H1054755	WA	Okanogan
2220-M76549	WA	Pierce
22201-M1035557	WA	Chelan
22204-M1036820	WA	Chelan
22205-X1020373	WA	Spokane
22207-L1044703	WA	King
22212-L1044460	WA	King
22216-L1044600	WA	King
22217-L1039322	WA	King
22228-X1021045	WA	Pierce
22230-L1040865	WA	King
22233-M1036588	WA	Chelan
22236-M1040798	WA	Chelan
22238-M1036656	WA	Chelan
22240-M1036543	WA	Chelan
22244-M1035615	WA	King
22247-L1040651	WA	King
22248-X1021062	WA	Pierce
2225-M76534	WA	Pierce
22253-M1040198	WA	King
22254-L1039386	WA	King
22256-M1036693	WA	Chelan
22258-M1035558	WA	Chelan
22270-X1021251	WA	Pierce
22271-M1035150	WA	Pierce
22273-L1040515	WA	King
22275-L1039377	WA	King
22276-F1056981	OR	Deschutes
22281-L1052353	WA	King
22286-L1053469	WA	King
22287-L1053632	WA	King
22293-L1053089	WA	King
22294-H1061363	WA	Pierce
22302-L1053999	WA	King
22306-L1052016	WA	King
22312-F1049014	WA	Spokane
22313-L1054572	WA	King
22316-L1053953	WA	King
22318-L1053601	WA	King
2232-W60751	WA	Chelan
22327-L1054428	WA	King
22328-L1054671	WA	King
22330-L1054587	WA	King
22331-L1053461	WA	King
22339-W1053806	WA	Pierce
2234-T83114	WA	Pierce
22343-F1060394	WA	King
22346-F1060253	WA	King
22348-F1060015	WA	King
22349-H1060344	WA	King
2235-T83281	WA	Pierce
22353-F1060421	WA	King
22358-F1061314	WA	Pierce
22360-H1062071	WA	Pierce
22363-L1059603	WA	King
22365-L1059348	WA	King
22370-L1058034	WA	King
22375-L1055631	WA	King
22376-L1057214	WA	King
22382-L1059292	WA	King
22389-S1032796	WA	Chelan
22398-L1054944	WA	King
22399-L1054663	WA	King
22405-F1061872	WA	Grant
22407-L1057081	WA	King
22409-L1057229	WA	King
22412-S1032737	WA	Chelan
22415-L1054420	WA	King
22416-S1034680	OR	Deschutes
22418-F1061426	WA	Pierce
22419-F1061414	WA	Pierce
22422-L1054412	WA	King
22423-L1057931	WA	King
22426-F1061583	WA	King
22429-F1061049	WA	Pierce
22431-F1059346	WA	Pierce
22432-F1061413	WA	Pierce
22436-H1062013	WA	Pierce
22438-L1051143	WA	King
22440-W1050999	WA	King
22444-L1051112	WA	King
22445-L1049974	WA	King
22446-W1047914	OR	Deschutes
22447-H1054526	WA	Kitsap
22449-L1050283	WA	King
2245-W63932	WA	Thurston
22451-W1051472	WA	King
22452-W1049014	OR	Deschutes
22454-L1050111	WA	King
22458-W1051635	WA	King
22460-L1051347	WA	King
22468-L1049746	WA	King
22476-L1050070	WA	King
22482-W1047536	OR	Deschutes
22485-T1045050	WA	Pierce
2249-T82787	WA	Spokane
22491-W1047465	WA	Chelan
22493-T1045682	WA	Spokane
22495-W1045879	WA	Chelan
2250-T82842	WA	Spokane
22502-W1042708	WA	King
22505-W1047328	WA	Adams
22514-T1045203	WA	Pierce
22517-T1044954	WA	Pierce
22521-W1051053	WA	King
22535-W1047849	WA	King
22537-W1048365	WA	Adams
2255-W66517	ID	Kootenai
2268-M84478	WA	King
22720-F1059333	WA	Pierce
22723-F1061516	WA	King
22731-F1060592	WA	Pierce
22735-F1061676	WA	King
22746-F1052641	WA	Chelan
22747-L1056413	WA	King
22748-F1052227	WA	Chelan
22751-L1055331	WA	King
22752-F1052097	WA	Chelan
22753-F1052095	WA	Chelan
22755-F1052226	WA	Chelan
22756-H1061353	WA	Pierce
22757-F1061216	WA	King
22758-H1061824	WA	Spokane
22762-H1061904	WA	Spokane
22769-F1050260	WA	Okanogan
22774-H1061057	WA	Chelan
2278-H27426	WA	Pierce
22782-F1054625	WA	Chelan
22784-H1061776	WA	Spokane
22791-F1055361	WA	Spokane
2280-M81172	WA	Chelan
22804-T1042529	WA	King
22809-T1038750	WA	King
22817-W1044025	WA	King
22827-W1053092	WA	Pierce
22835-W1047900	WA	Chelan
22839-W1049408	WA	Chelan
22847-W1053235	WA	King
22848-W1053183	WA	King
22851-W1049115	WA	Chelan
22852-W1044471	WA	Okanogan
22854-W1053429	WA	Thurston
22855-W1048927	WA	Chelan
22859-W1049784	WA	Spokane
22864-W1050646	WA	Chelan
22867-W1052295	WA	Pierce
22871-H1054819	OR	Deschutes
22885-H1050577	WA	King
22892-H1059846	WA	King
22897-H1060621	WA	Pierce
22899-H1059544	WA	Pierce
22900-H1059541	WA	Pierce
22903-H1052453	WA	King
22918-T1055769	OR	Deschutes
22920-T1057436	WA	King
22922-T1058507	WA	Kitsap
22927-X1028793	WA	Pierce
22938-M1051760	WA	Chelan
22948-M1056794	WA	Chelan
22951-M1050974	WA	Chelan
22952-L1060273	WA	King
22963-L1060136	WA	King
22972-T1053057	WA	King
22978-M1058022	WA	King
22981-M1051678	WA	Okanogan
22990-M1055851	WA	Chelan
22993-X1028460	WA	Pierce
22994-X1028653	WA	Pierce
22996-X1028473	WA	Pierce
22998-S1036477	WA	Pierce
23004-M1056795	WA	Chelan
2304-M82870	WA	King
2305-M82892	WA	King
23124-S1032594	WA	King
23126-S1030081	WA	King
23130-S1029913	WA	Pierce
23152-M1034507	WA	Okanogan
23164-M1039447	WA	Chelan
23166-M1039479	WA	Chelan
2317-M84473	WA	King
23175-H1059672	WA	Pierce
23184-H1057501	WA	Chelan
23193-H1057112	WA	Spokane
23194-W1052972	WA	Spokane
23196-H1053768	WA	Chelan
2320-M84574	WA	King
23200-H1054663	WA	Chelan
23206-F1053006	WA	King
23210-H1061106	WA	Chelan
23213-F1055893	WA	King
23234-F1051415	WA	King
23235-F1051457	WA	King
23237-H1061729	WA	Pierce
23245-F1055410	WA	King
23252-F1057299	WA	Chelan
23257-F1054162	WA	Chelan
23266-F1055964	WA	Chelan
23276-F1056043	WA	Chelan
23277-L1056089	WA	King
23278-L1056630	WA	King
23283-F1060325	WA	King
23293-F1053238	WA	Okanogan
23297-F1060476	WA	King
23299-H1061377	WA	Pierce
23302-F1056007	WA	Chelan
23305-L1056614	WA	King
23308-H1061374	WA	Pierce
23312-F1056855	WA	Chelan
23313-F1056939	WA	Chelan
23330-X1025218	WA	Pierce
23335-S1034059	WA	King
23339-S1035430	OR	Deschutes
23340-F1061093	WA	Pierce
23342-F1059521	WA	King
23349-M1036065	WA	Okanogan
23355-S1032646	WA	Chelan
23360-M1039344	WA	Chelan
23365-X1021135	WA	Pierce
23371-M1059831	WA	Pierce
23376-X1028853	WA	Spokane
23378-X1028851	WA	Spokane
23379-M1052528	WA	Chelan
23380-M1052531	WA	Chelan
23384-L1062642	WA	King
23389-L1061731	WA	King
23390-T1052404	WA	King
23391-T1049790	WA	Pierce
23394-T1051454	WA	King
23397-M1055952	WA	Chelan
23400-M1059210	WA	Pierce
23406-M1055657	WA	Chelan
23410-L1062723	WA	King
23414-X1028852	WA	Spokane
23415-M1059178	WA	Pierce
23422-M1055991	WA	Chelan
23423-X1028891	WA	Spokane
23426-M1055988	WA	Chelan
23429-M1055186	WA	Chelan
23430-M1056202	WA	Spokane
23431-T1059598	WA	Thurston
2344-X13498	WA	Pierce
23445-M1059863	WA	Pierce
23461-M1060075	WA	Pierce
23464-M1059781	WA	Pierce
23467-L1063495	WA	King
23468-L1066396	WA	King
23476-L1066607	WA	King
23477-M1060367	WA	Pierce
23481-L1065345	WA	King
23483-M1060458	WA	Pierce
23487-L1066526	WA	King
23488-T1052895	WA	Chelan
23489-T1052900	WA	Chelan
23490-T1052861	WA	Chelan
23498-T1054281	WA	Chelan
23501-T1056521	WA	Chelan
23510-T1056564	WA	Chelan
23511-T1056606	WA	Chelan
23526-L1061816	WA	King
23530-M1060095	WA	Pierce
23531-W1065195	WA	Chelan
23533-W1065192	WA	Chelan
23538-W1065405	WA	Chelan
23549-W1064623	OR	Deschutes
23555-T1051618	WA	Okanogan
23556-T1052248	WA	Okanogan
23562-L1063423	WA	King
23564-L1066414	WA	King
23566-L1065869	WA	King
23571-L1062965	WA	King
23576-M1059751	WA	Pierce
23579-T1051693	WA	King
23582-M1059931	WA	Pierce
23594-T1059240	WA	Jefferson
23596-L1067608	WA	King
23597-M1059853	WA	Pierce
23600-T1051911	WA	King
23606-L1063494	WA	King
2369-T85064	WA	Pierce
23691-S1036034	WA	Pierce
2374-M85709	WA	Pierce
23752-M1054338	WA	King
23756-X1028771	WA	Pierce
23782-F1070238	WA	Chelan
23804-F1069068	WA	Okanogan
2386-M85770	WA	Pierce
24020-H1067156	WA	King
2414-S42511	WA	Chelan
24191-F1075871	WA	Thurston
2425-T86670	ID	Twin Falls
2428-X14755	WA	King
2430-X14713	WA	King
24322-F1072941	WA	King
2435-T86817	CT	Fairfield
24373-S1043197	WA	King
24378-S1042936	OR	Deschutes
2441-T86875	CT	Fairfield
24556-L1081639	WA	King
24557-L1081020	WA	King
2462-T87465	CT	Fairfield
2465-T87516	CT	Fairfield
2466-T87526	CT	Fairfield
2469-T87546	CT	Fairfield
2473-T87641	CT	Fairfield
24736-X1034409	WA	King
2475-T87671	CT	Fairfield
24775-H1069216	WA	Chelan
24785-H1071585	WA	King
24786-H1069217	WA	Chelan
24787-H1071236	WA	Chelan
24793-H1066079	WA	King
24798-H1069054	WA	Chelan
2480-T88001	ID	Ada
24802-H1072955	WA	King
24809-W1068464	WA	King
24839-W1064137	WA	Chelan
2487-T88307	CT	Fairfield
24887-M1053618	WA	King
24890-M1055704	WA	King
24891-M1052862	WA	King
24901-T1058981	WA	Pierce
24906-T1055394	WA	Chelan
24908-T1056821	WA	Chelan
24910-T1059379	WA	King
24920-W1059785	WA	King
24925-W1060794	WA	King
24928-W1066090	WA	King
24930-W1066677	WA	King
24935-T1059406	WA	Pierce
24937-M1060325	WA	Spokane
24941-T1059401	WA	Pierce
24943-W1068246	WA	Thurston
24946-T1059089	WA	Pierce
24954-H1065091	WA	King
24958-L1067253	WA	King
2526-M80234	WA	King
2532-M80025	WA	King
2540-F10609	WA	King
2541-M80121	WA	King
2551-M80207	WA	King
2565-M79182	WA	King
2566-M79378	WA	King
2572-M77792	WA	Kitsap
2595-X81015	WA	Pierce
2599-X81030	WA	Pierce
2603-X81051	WA	Pierce
2606-M80279	WA	King
2608-X81063	WA	Snohomish
2609-X81068	WA	Snohomish
2618-M80245	WA	King
26488-M1093875	WA	King
26489-T1102502	WA	King
26490-T1097680	WA	King
26491-M1101110	WA	King
26493-M1103606	WA	King
26495-T1099221	WA	King
2651-M81778	WA	Kitsap
2663-X81111	WA	Kitsap
2665-M82168	WA	King
267-T51581	WA	King
2670-M82290	WA	King
2674-M82387	CT	Fairfield
2676-M82456	CT	Fairfield
2679-W15112	WA	King
26846-T1103302	WA	King
26847-T1096502	WA	King
26848-T1096678	WA	King
26849-T1093743	WA	King
26850-T1095974	WA	King
26851-T1096167	WA	King
26852-W1103656	WA	King
26853-W1102635	WA	King
26854-W1102620	WA	King
26855-T1096777	WA	King
26856-T1096088	WA	King
26857-T1102500	WA	King
26858-T1097037	WA	King
26859-T1097101	WA	King
26860-T1095855	WA	King
26861-T1097814	WA	King
26862-T1097080	WA	King
26863-T1097708	WA	King
26864-H1110645	WA	King
26865-W1112543	WA	King
26866-W1102693	WA	King
26867-W1106363	WA	King
26868-W1103184	WA	King
26869-M1097280	WA	King
2700-W17634	WA	King
27030-M1108936	WA	King
27031-M1107894	WA	Pierce
27032-M1107832	WA	Pierce
27033-M1107845	WA	Pierce
27034-M1107810	WA	King
27035-X1058152	WA	King
27038-X1056870	WA	King
27042-F1119599	WA	King
27043-F1119598	WA	King
27044-F1119600	WA	King
27045-F1118227	WA	King
27046-F1118666	WA	Grays Harbor
2725-M84645	WA	King
2729-W14390	WA	King
2730-M84722	WA	King
2736-W19168	WA	King
2737-W18886	WA	King
2743-W91919	WA	King
2744-W90111	WA	King
27496-H1116168	WA	King
27497-H1114264	WA	King
27498-H1113205	WA	King
27499-W1107181	WA	King
27500-H1114771	WA	King
27501-H1122733	WA	King
27502-M1110296	WA	King
2767-F13106	WA	Pierce
2778-S23252	WA	King
2780-W93033	WA	King
2781-X79419	WA	King
2795-W90941	WA	King
2814-W91499	no container ID	no container ID
2816-F13114	WA	Pierce
2818-F13117	WA	Pierce
2820-W93927	no container ID	no container ID
2834-W91475	no container ID	no container ID
2837-W91300	no container ID	no container ID
2849-W91462	no container ID	no container ID
2862-X78957	WA	King
2868-W91437	no container ID	no container ID
2872-X79239	WA	King
2877-X79382	WA	King
2890-W94343	no container ID	no container ID
2910-X80136	WA	Snohomish
2916-X80356	WA	King
2929-X80903	WA	Skagit
2937-X78097	WA	King
2940-S22720	WA	King
2943-H83384	WA	Pierce
2960-H83336	WA	Pierce
2961-H83369	WA	Pierce
2964-H83388	WA	Pierce
2971-F93619	WA	Snohomish
2976-H83506	WA	King
2980-F94447	WA	Snohomish
2982-F94710	WA	King
2983-F94773	WA	Snohomish
2986-F94828	WA	King
2987-F10027	WA	Spokane
29895-X1085810	WA	King
29896-F1168406	WA	King
29897-S1102782	WA	King
29898-S1104696	WA	King
29899-F1175256	WA	King
29900-S1103623	WA	King
2997-F11282	WA	King
3001-F11796	WA	Snohomish
3002-F11797	WA	Snohomish
3007-F11889	WA	Snohomish
3008-F12014	WA	King
3009-F12040	WA	King
3012-F12088	WA	King
3024-F12754	WA	King
3026-F12761	WA	King
3030-F12782	WA	Island
3036-F12833	ID	Ada
3041-F12864	WA	Island
3046-F12867	WA	Island
3048-F12869	WA	Island
3052-S20126	WA	Island
3060-S20199	WA	Island
3078-S20916	WA	King
3094-S21455	CT	Fairfield
3100-S21488	CT	Fairfield
3108-S21559	CT	Fairfield
3109-S21557	CT	Fairfield
3114-S21604	CT	Fairfield
3118-S21632	CT	Fairfield
3119-S21636	CT	Fairfield
3120-S21647	CT	Fairfield
3123-S21660	CT	Fairfield
3125-S21668	CT	Fairfield
3127-S21696	CT	Fairfield
3129-S21729	CT	Fairfield
3140-S21832	CT	Fairfield
3141-S21834	WA	King
3146-H24927	no container ID	no container ID
3158-S22580	WA	King
3167-S22625	WA	Snohomish
3172-S22872	ID	Ada
3177-S22996	WA	Snohomish
3183-S22994	ID	Ada
3186-S23021	WA	Snohomish
3188-S23087	WA	Clark
3202-S23329	Unknown	Unknown
3247-S24801	WA	Skagit
3259-F94984	WA	King
3265-F94306	WA	King
3269-F94625	WA	King
3336-H83071	WA	King
3369-F92873	WA	King
3413-F10594	WA	Adams
3416-F10973	ID	Ada
3417-F11020	CT	Fairfield
3425-F11192	CT	Fairfield
3450-F11502	CT	Fairfield
3465-F11577	CT	Fairfield
3470-F11615	CT	Fairfield
3493-F12535	WA	King
3497-F12573	WA	King
3500-F12618	WA	King
3515-H80224	WA	King
3519-H74342	WA	King
3521-H80961	WA	King
3529-H75738	WA	King
3539-H79056	WA	King
3560-W61610	WA	Snohomish
3570-T83322	WA	Pierce
3584-W65945	WA	Snohomish
3592-T43455	WA	King
3607-W66823	WA	Island
3611-W66830	WA	Pierce
3613-T43253	WA	King
3616-T44345	WA	King
3630-W21797	WA	Pierce
3632-W66969	WA	Pierce
3634-H77398	WA	Skagit
3662-H79132	WA	Skagit
3685-M39131	WA	Pierce
3692-H81024	CT	Fairfield
3783-W23111	WA	King
3809-H81303	WA	King
3810-H81039	WA	King
3812-H83101	WA	King
3814-H83086	WA	King
3815-F92487	WA	King
3816-F92639	WA	King
3826-H81516	WA	Snohomish
3827-H82982	WA	King
3828-W67119	WA	Pierce
3829-W66981	WA	Pierce
3832-F92567	WA	King
3833-H81049	WA	King
3834-H81618	WA	Snohomish
3838-F90802	WA	Pierce
3839-H82123	WA	Snohomish
3841-H81075	WA	King
3843-F90577	WA	King
3844-W67147	WA	Pierce
3845-H81233	CT	Fairfield
3849-H80932	WA	King
3850-H81079	WA	King
3853-H82867	WA	King
3855-H81823	WA	Snohomish
3858-H80088	WA	King
3862-H79351	WA	King
3868-H81066	WA	King
3871-H82935	WA	Pierce
3874-H82519	ID	Kootenai
3878-H81490	WA	King
3880-H79276	WA	King
3881-W67112	WA	Pierce
3883-F93162	WA	King
3889-F11611	WA	King
3892-F10685	ID	Ada
3895-F10987	WA	King
3899-F92993	WA	King
3900-F10885	WA	King
3903-F12031	WA	King
3904-F11491	WA	King
3908-F11503	WA	King
3911-F11629	WA	Snohomish
3917-F11341	WA	King
3918-F11351	WA	King
3923-F12562	WA	Skagit
393-W41899	WA	King
3932-F12772	WA	King
3935-F12551	WA	Skagit
3939-S20142	WA	King
3940-S20127	WA	Snohomish
3941-S20735	WA	King
3942-S20171	WA	King
3946-S20307	WA	King
3949-S21045	WA	King
3950-S20785	WA	Whatcom
3951-S20999	WA	King
3954-S21189	WA	King
3959-S20645	WA	Whatcom
3963-M85263	WA	King
3964-T90437	WA	King
3969-T91259	WA	Pierce
3972-X80051	Unknown	Unknown
3973-X79867	WA	King
3975-X79533	WA	King
3979-X78434	WA	King
3982-X79282	WA	King
3983-X79316	WA	King
3985-X78255	WA	King
3988-X77869	WA	King
3989-S25004	WA	Snohomish
3990-X78961	WA	Snohomish
3992-X80301	WA	King
3994-S25053	WA	King
3996-S25050	WA	King
3997-X80287	WA	King
4004-S25020	WA	Snohomish
4009-X80738	WA	Snohomish
4011-X80842	WA	King
4014-S24988	WA	Pierce
4015-S24912	WA	Pierce
4019-M77846	WA	King
4021-X80959	WA	Skagit
4024-M77806	WA	King
4025-M77794	WA	King
4026-X80949	WA	King
4031-X80508	WA	King
4032-X77912	WA	King
4035-S24914	WA	Pierce
4038-M78339	WA	Pierce
4039-X80100	WA	Spokane
4041-M77795	WA	King
4046-S24968	WA	Pierce
4051-W72127	WA	King
4052-W75706	WA	King
4058-W74559	WA	King
4061-W75495	WA	King
4065-W74919	WA	King
4067-W74629	WA	King
4068-W74491	WA	King
4082-T88604	WA	King
4089-W70190	WA	King
4097-W70012	WA	King
4100-T91955	ID	Ada
4105-T93126	WA	King
4109-T92875	WA	Skagit
4111-T92847	WA	Skagit
4114-T92712	WA	King
4117-T92904	WA	King
4118-T92906	WA	King
4127-W68505	WA	King
4130-T92908	WA	King
4180-W70075	WA	King
4188-T87076	WA	King
4197-T92841	WA	Snohomish
4210-T90070	WA	King
4213-T90095	WA	King
4217-T91294	WA	King
4221-T91993	WA	King
4224-T92114	WA	King
4225-T92165	WA	King
4226-T92175	WA	King
4227-T92306	WA	Snohomish
4228-T92391	WA	King
4237-W72162	CT	Fairfield
4238-W72190	CT	Fairfield
4239-W72198	ID	Ada
4243-W72343	WA	King
4244-W72378	CT	Fairfield
4250-W72747	ID	Ada
4251-W72881	CT	Fairfield
4254-W73922	ID	Ada
4255-W73933	ID	Ada
4266-W69553	ID	Twin Falls
4270-T92998	WA	Pierce
4279-T93067	WA	Pierce
4281-T93077	WA	Pierce
4289-T93112	WA	Pierce
4290-T93113	WA	Pierce
4291-T93114	WA	Pierce
4292-T93115	WA	Pierce
4296-T93131	WA	Pierce
4300-W70781	OR	Deschutes
4303-T93156	WA	Pierce
4307-W71430	ID	Ada
4308-W71467	ID	Ada
4315-T90617	WA	King
4316-T90349	WA	King
4317-S22932	WA	King
4318-T87888	WA	San Juan
4324-M85971	WA	King
4325-T85880	WA	King
4326-T90370	WA	King
4329-X81187	WA	Pierce
4330-T89177	WA	King
4331-M86056	WA	Pierce
4335-M85511	WA	King
4337-M85939	WA	King
4338-M85941	WA	King
4340-M85979	WA	King
4341-T86862	CT	Fairfield
4343-T86956	CT	Fairfield
4344-T86991	CT	Fairfield
4345-T87029	CT	Fairfield
4346-T87052	CT	Fairfield
4347-T87078	CT	Fairfield
4348-T87129	CT	Fairfield
4354-T87379	ID	Ada
4355-T87398	ID	Ada
4357-T87416	ID	Ada
4366-T88157	CT	Fairfield
4370-T88217	WA	King
4372-T88241	CT	Fairfield
4375-T88308	ID	Ada
4376-T88352	ID	Ada
4380-T88725	ID	Ada
4383-T88874	ID	Twin Falls
4388-T89140	OR	Deschutes
4396-T89252	ID	Twin Falls
4400-T89291	ID	Ada
4402-T89419	ID	Ada
4404-M86092	WA	Pierce
4406-T89578	WA	King
4407-T90457	WA	King
4409-T89625	OR	Deschutes
4410-T89672	OR	Deschutes
4413-T89822	WA	King
4414-T89846	WA	King
4417-T89996	ID	Ada
4418-T90043	ID	Ada
4424-T90459	ID	Ada
4427-T90625	ID	Ada
4433-T90805	ID	Ada
4434-S53892	WA	King
4448-T91225	ID	Ada
4461-T91486	ID	Ada
4462-T91496	ID	Ada
4486-T92132	ID	Ada
4499-T90317	WA	King
4500-T90510	WA	King
4538-X79831	WA	King
4541-X78049	WA	Pierce
4543-X78827	WA	Pierce
4545-X79544	WA	King
4546-T90923	WA	Pierce
4547-T91415	ID	Ada
4549-T91160	WA	Skagit
4550-T91006	ID	Ada
4552-T91080	ID	Ada
4555-T90928	WA	Skagit
4562-T85427	WA	Skagit
4563-M84999	WA	Snohomish
4564-T85435	WA	Skagit
4565-M82407	WA	Snohomish
4568-X81153	WA	King
4569-T92728	WA	Snohomish
4570-T86290	WA	King
4572-T86839	WA	King
4578-T92899	WA	King
4579-T91084	WA	King
4580-T90357	WA	King
4581-T92711	WA	Snohomish
4582-T92425	WA	King
4583-W68410	WA	King
4585-T91448	WA	King
4588-T90451	WA	King
4589-W68497	WA	King
4591-T90950	WA	King
4592-T92364	WA	King
4593-T91658	WA	King
4594-T91625	WA	King
4595-T92163	ID	Ada
4597-T91384	ID	Ada
4598-T91365	ID	Ada
4599-X81131	WA	King
4600-T91055	ID	Ada
4601-T91468	ID	Ada
4602-T91838	WA	King
4603-T91777	WA	King
4608-H81601	WA	Island
4609-H81711	WA	Island
4611-H82405	WA	King
4612-H82431	WA	King
4614-H76465	WA	King
4615-H79208	WA	King
4616-H79685	WA	King
4617-H81659	WA	King
4618-X77937	WA	King
4619-X76739	WA	King
4620-X77561	WA	King
4623-X77331	WA	King
4627-X78472	WA	King
4630-X79782	WA	Skagit
4632-X79126	WA	King
4633-X79558	WA	King
4640-X79847	WA	King
4643-M90823	WA	King
4646-M89088	WA	King
4649-M92879	WA	King
4657-M92080	WA	King
4659-M92830	WA	King
4660-M92682	WA	King
4663-M92760	WA	King
4664-M93420	WA	King
4676-M87960	WA	Pierce
4677-M87886	WA	Pierce
4678-M87933	WA	King
4682-M89348	WA	King
4684-M89275	WA	King
4688-F17184	WA	King
4690-M90283	WA	King
4698-M90228	WA	King
4703-M78246	WA	King
4705-M93707	WA	King
4707-M93644	WA	King
4725-M94856	WA	King
4726-T11096	WA	King
4727-T11187	WA	King
4730-M94271	WA	Snohomish
4732-X80208	WA	Spokane
4734-S22197	WA	King
4740-F10442	WA	King
4741-W64843	WA	King
4744-F12081	WA	King
4746-F10435	WA	King
4747-S20773	WA	King
4748-S23126	WA	King
4749-S22838	WA	King
4752-S23666	WA	King
4754-S24158	WA	Snohomish
4755-S24179	WA	Snohomish
4757-S23404	WA	King
4758-S23660	WA	King
4759-S23768	WA	King
4760-S23839	WA	King
4763-F13129	WA	Pierce
4765-S21227	WA	King
4766-S22505	WA	King
4769-F13038	WA	Pierce
4770-F12980	WA	Pierce
4776-F13160	WA	Spokane
4777-F12987	WA	Pierce
4779-X77961	WA	King
4892-T17290	WA	King
4897-W79434	WA	King
4917-T18162	WA	King
4921-T19623	WA	King
4931-W77727	WA	King
4999-T17160	WA	Spokane
5011-T19903	WA	Pierce
5016-T15781	WA	King
5025-T18479	WA	King
5026-T17857	WA	King
5034-W83849	no container ID	no container ID
5036-W80340	CT	Fairfield
5038-W81523	CT	Fairfield
5043-W81521	CT	Fairfield
506-W45770	WA	King
5065-W82601	WA	King
5073-W80664	CT	Fairfield
5086-W80615	CT	Fairfield
5095-W77468	WA	King
5104-T15524	CT	Fairfield
5136-W75983	WA	Spokane
5144-H92466	WA	King
5152-H92483	WA	King
5158-H91238	WA	King
5161-H91221	WA	King
5164-H91130	WA	King
5166-H91189	WA	King
5169-H91387	WA	King
5170-H91083	WA	King
5172-H89657	WA	King
5177-H85006	WA	Pierce
5178-H84987	WA	King
5181-H87641	WA	King
5182-H90262	WA	King
5184-H83652	WA	King
5189-W76497	WA	Pierce
5190-W76490	WA	Pierce
5192-H87720	WA	King
5194-H86776	WA	King
5201-W73713	WA	King
5203-H90396	WA	King
5205-H90297	WA	King
5231-H11785	no container ID	no container ID
524-H62246	WA	King
5251-H12723	no container ID	no container ID
5255-W84660	no container ID	no container ID
5358-X82516	WA	King
5359-X82961	WA	King
5361-X84169	WA	King
5364-X83618	WA	King
5369-X83477	WA	King
5371-X84227	WA	King
5382-X82996	WA	King
5388-X83973	WA	King
5397-X85236	WA	Snohomish
5400-X84279	WA	Pierce
5403-H81645	WA	King
5428-H82244	WA	Snohomish
5429-H76473	WA	King
5455-W64062	WA	King
5595-W81212	CT	Fairfield
5596-W81011	CT	Fairfield
5599-W81156	CT	Fairfield
5606-W80777	WA	King
5617-W83916	WA	King
5620-W83805	no container ID	no container ID
5622-W84731	no container ID	no container ID
5629-W83850	WA	King
5670-H18089	WA	King
5687-H17106	no container ID	no container ID
5714-M92017	WA	Snohomish
5717-T11249	WA	Snohomish
5731-T11555	WA	Grays Harbor
5732-T11396	WA	King
5737-T11243	WA	King
5738-T12085	WA	Pierce
5746-T13293	WA	King
5747-T13692	WA	King
5749-T15241	CT	Fairfield
5750-M10124	WA	Pierce
5754-T15344	CT	Fairfield
5756-T13406	WA	King
5763-T15444	CT	Fairfield
5764-T14956	CT	Fairfield
5765-T15163	CT	Fairfield
5770-T15423	CT	Fairfield
5772-T14740	CT	Fairfield
5773-T14602	CT	Fairfield
5775-T14138	CT	Fairfield
5776-T14628	WA	King
5780-M10177	WA	Pierce
5781-M10168	WA	Pierce
5812-T88040	WA	King
5847-T88421	WA	King
5860-T90452	WA	King
5879-T20001	WA	Pierce
5884-T19989	WA	Pierce
5888-T18554	ID	Twin Falls
5911-T15996	WA	Chelan
5932-T17068	WA	King
5947-T19218	WA	Skagit
6162-W71077	WA	King
6164-W75256	WA	King
6170-W75912	WA	King
6178-W73912	WA	King
6179-W70896	WA	King
6181-W74380	WA	King
6183-W75595	WA	King
6184-W75432	WA	King
6185-W75027	WA	King
6186-W75531	WA	King
6187-W75054	WA	King
6190-W73756	WA	King
6204-W74317	WA	Snohomish
6211-W76536	WA	Pierce
6213-W73545	WA	Snohomish
6219-W76605	WA	Pierce
6222-H88115	ID	Ada
6238-W76699	WA	King
6240-W76322	WA	King
6241-W76334	WA	King
6242-H87868	WA	King
6243-H88791	WA	King
6244-H87897	WA	King
6245-H89103	CT	Fairfield
6251-H89794	CT	Fairfield
6259-H90039	CT	Fairfield
6270-H89460	CT	Fairfield
6271-H89383	CT	Fairfield
6273-H89296	CT	Fairfield
6274-H89423	CT	Fairfield
6288-H89625	CT	Fairfield
6302-H90797	WA	Skagit
6314-H90709	CT	Fairfield
6315-H91720	WA	King
6321-H89914	WA	King
6327-H91490	WA	Snohomish
6331-W76729	WA	Snohomish
6335-H92829	WA	Pierce
6339-H92732	WA	Pierce
6343-H92865	WA	Pierce
6348-F18169	ID	Ada
6349-F17926	ID	Ada
6350-F17880	ID	Ada
6351-H92719	WA	Pierce
6353-H92714	WA	Pierce
6356-F15620	WA	King
6361-F18317	CT	Fairfield
6362-F18085	CT	Fairfield
6365-F17786	ID	Ada
6367-F19093	ID	Ada
6369-F18838	CT	Fairfield
6377-F18089	ID	Ada
6379-F18486	CT	Fairfield
6380-F17628	CT	Fairfield
6383-F19607	ID	Ada
6385-F18337	CT	Fairfield
6389-F19503	WA	King
6399-F19382	WA	King
6400-F21440	WA	King
6403-F21329	WA	Snohomish
6404-F21363	WA	King
6406-F21437	WA	King
6408-F21353	WA	King
6410-F21315	WA	King
6413-F21394	WA	King
6417-F18055	WA	King
6424-F20253	WA	Snohomish
6438-F21380	WA	Snohomish
6439-F18736	WA	King
6441-F18720	WA	King
6442-F21375	WA	Snohomish
6446-F20163	ID	Ada
6448-F20215	ID	Ada
6453-S27551	ID	Ada
6454-S27669	ID	Ada
6455-S27570	ID	Twin Falls
6457-S28374	ID	Twin Falls
6461-S28854	ID	Ada
6463-S28064	ID	Ada
6464-S28336	ID	Ada
6466-S29433	ID	Twin Falls
6467-S29442	ID	Twin Falls
6468-S28997	ID	Ada
6469-S28855	ID	Ada
6470-S28162	ID	Twin Falls
6472-S28476	ID	Ada
6473-S29341	ID	Twin Falls
6478-X83256	WA	King
6480-F22226	WA	Pierce
6481-F22291	WA	Pierce
6483-S30863	WA	Snohomish
6484-X84689	WA	Skagit
6485-X84628	WA	Skagit
6486-X83589	WA	Kitsap
6496-F22301	WA	Pierce
6497-F22248	WA	Pierce
650-F78537	CT	Fairfield
6501-F22249	WA	Pierce
6502-F22261	WA	Pierce
6504-X83603	WA	King
6507-S30866	WA	Snohomish
6511-S30727	WA	Pierce
6514-S30721	WA	Pierce
6516-S30853	WA	Pierce
6520-S30803	WA	Pierce
6525-S30820	WA	Pierce
6526-X84203	WA	Chelan
6527-X84299	WA	Chelan
6528-X83882	WA	Chelan
6535-S30782	WA	Pierce
6543-S30768	WA	Pierce
6546-S30833	WA	Pierce
6547-S30754	WA	Pierce
6548-S30825	WA	Pierce
6550-F22521	WA	Spokane
6559-X85636	WA	Pierce
6560-X85632	WA	Pierce
6562-X85660	WA	Pierce
6563-M90219	CT	Fairfield
6564-M90968	CT	Fairfield
6565-M89954	CT	Fairfield
6566-M91079	CT	Fairfield
6568-M90825	CT	Fairfield
6569-M90660	CT	Fairfield
6571-M91189	CT	Fairfield
6572-M90777	CT	Fairfield
6573-M90131	CT	Fairfield
6574-M89802	CT	Fairfield
6576-M90128	CT	Fairfield
6577-M89995	CT	Fairfield
6582-M90016	CT	Fairfield
6585-X85709	WA	Pierce
6586-M90054	CT	Fairfield
6587-M89818	CT	Fairfield
6589-X85666	WA	Pierce
6590-M89701	CT	Fairfield
6591-X85697	WA	Pierce
6592-M89869	CT	Fairfield
6594-M90178	CT	Fairfield
6596-M89433	WA	Pierce
6601-X85698	WA	Pierce
6603-M89747	CT	Fairfield
6605-X85701	WA	Pierce
6615-H17425	WA	Snohomish
6663-S35237	WA	King
6671-S35278	WA	Snohomish
6684-S33698	CT	Fairfield
6688-S36528	WA	King
6691-S33886	CT	Fairfield
6692-S34136	CT	Fairfield
6698-S36523	WA	King
6701-S33695	WA	King
6706-S36543	WA	King
6709-S33796	CT	Fairfield
6716-S36507	WA	King
6718-S35052	WA	King
6722-S31941	WA	King
6750-F31221	WA	King
6758-F26928	CT	Fairfield
6762-F25323	WA	King
6765-F29911	WA	King
6767-F29717	WA	King
6780-F27494	CT	Fairfield
6790-F27854	CT	Fairfield
6806-F27375	WA	King
6807-F27569	CT	Fairfield
6817-F27171	WA	King
6818-F28855	WA	King
6820-F29886	WA	King
6822-F29150	WA	King
6971-M84036	WA	King
6976-M85626	WA	Skagit
6980-M85614	WA	Pierce
6985-M85629	WA	Skagit
6990-M83003	WA	King
7006-M94105	WA	King
7007-M94108	WA	King
7011-M92575	WA	King
7012-M93059	WA	King
7013-M94280	WA	King
7016-M94410	WA	King
7022-M94136	WA	King
7040-M94341	WA	Snohomish
7070-M10274	CT	Fairfield
7093-X90165	WA	Snohomish
7106-X87640	WA	King
7115-X88714	WA	King
7128-S36710	WA	Pierce
7142-X87759	WA	King
7158-S36216	WA	King
7160-X87788	WA	King
7164-S36778	WA	Pierce
7166-M12960	WA	King
7167-M15139	no container ID	no container ID
7178-W79924	WA	King
7187-M17243	no container ID	no container ID
7188-M17359	WA	King
7196-M17335	no container ID	no container ID
7204-M17680	no container ID	no container ID
7214-M17849	no container ID	no container ID
7220-M18405	no container ID	no container ID
7227-M16900	no container ID	no container ID
7228-M17266	no container ID	no container ID
7230-M17390	no container ID	no container ID
7231-M18440	no container ID	no container ID
7235-X90429	WA	King
7236-F30946	WA	King
7237-M16846	WA	King
7242-T15053	WA	King
7257-T15181	CT	Fairfield
7260-T15308	CT	Fairfield
7265-T15445	CT	Fairfield
7266-T15454	CT	Fairfield
7270-T15558	CT	Fairfield
7281-T16232	CT	Fairfield
7283-T16321	ID	Ada
7285-T16412	CT	Fairfield
7290-T16756	CT	Fairfield
7291-T16938	ID	Ada
7306-T17495	ID	Twin Falls
7308-T18532	ID	Ada
7399-T21388	WA	King
7417-T23255	no container ID	no container ID
7424-T24252	no container ID	no container ID
7428-T27848	no container ID	no container ID
7434-T25369	no container ID	no container ID
7435-T25663	no container ID	no container ID
7449-T28188	no container ID	no container ID
7455-W87675	no container ID	no container ID
7473-T26669	no container ID	no container ID
7670-S40755	WA	King
7675-S39888	WA	King
7677-S40549	WA	King
7745-M20657	WA	King
7756-M21604	no container ID	no container ID
7763-X14266	WA	King
7764-X14270	WA	King
7770-M23604	no container ID	no container ID
7776-M26145	WA	King
7777-M26345	WA	King
7781-M26557	no container ID	no container ID
7794-M27332	no container ID	no container ID
7882-T32447	WA	King
8008-H33061	WA	King
8012-H30233	WA	King
8046-F45160	WA	King
8065-F46422	WA	King
808-S93838	WA	King
811-X68302	WA	King
8146-S45383	WA	King
8150-S45944	WA	King
8158-S46276	WA	King
8165-S46914	WA	King
8317-M34217	WA	King
8330-M36072	WA	King
8370-T51858	WA	Pierce
8418-F61468	WA	King
8421-F51456	WA	King
8422-F60381	WA	King
8423-F60087	WA	King
8431-F51461	WA	King
8437-H49178	WA	Pierce
8510-M45753	WA	King
8511-M44778	WA	King
8518-M48634	WA	King
8526-M50136	WA	King
8527-M49678	WA	King
8550-T56257	WA	King
8636-W35030	WA	King
8638-W37133	WA	King
8686-W36234	WA	King
8694-W37510	WA	King
8698-W36809	WA	King
8800-T61603	WA	King
8803-H59185	WA	King
8813-H52350	WA	King
8824-F64586	WA	King
8831-H57717	WA	King
8845-F72695	WA	King
8851-F73487	WA	King
8860-S60393	WA	King
8872-S62450	WA	Pierce
8873-S60206	WA	King
8876-S62974	WA	King
9014-T70691	WA	King
9016-T69186	WA	King
9018-T66695	WA	King
9032-X30708	WA	King
9054-M59630	WA	King
9068-M58360	WA	King
9069-M60238	WA	King
9190-S65580	WA	Yakima
9195-F80026	WA	Okanogan
9210-H65217	WA	King
9214-H72318	WA	King
9227-H73708	WA	Pierce
9228-H73710	WA	Pierce
9229-H73769	WA	King
9230-H73657	WA	King
9233-F78325	WA	King
9235-H65151	WA	King
9244-F84816	WA	King
9266-F85521	WA	King
9299-H65890	WA	King
9301-F86264	WA	King
9308-F80435	WA	King
9333-H73862	WA	King
9338-H73832	WA	King
9339-H73863	WA	King
9346-S68175	OR	Deschutes
9352-S66533	WA	King
9361-F87016	WA	Pierce
9362-F86926	WA	Pierce
9390-S70475	WA	Pierce
9407-X36266	WA	King
9422-M68120	WA	King
9439-M74658	WA	King
9500-M75983	WA	King
9504-M74532	WA	Chelan
9520-M77128	WA	Pierce
9532-T85758	WA	Chelan
9533-T85761	WA	Chelan
9551-T88771	WA	Pierce
9553-W57223	WA	Yakima
9568-W61763	WA	King
9569-W58458	WA	King
9578-W65570	WA	King
9579-H67417	WA	King
9580-W63408	WA	King
9600-F90274	WA	King
966-X68766	WA	Snohomish
970-S11921	CT	Fairfield
9755-M81935	WA	Chelan
9798-X43765	WA	Pierce
9819-T16757	WA	King
